<?xml version="1.0" encoding="UTF-8"?>
<gpx version="1.1" creator="pacetrace-sample" xmlns="http://www.topografix.com/GPX/1/1" xmlns:gpxtpx="http://www.garmin.com/xmlschemas/TrackPointExtension/v1">
<trk><name>Sunday long run</name><trkseg>
<trkpt lat="51.507400" lon="-0.117300"><ele>30.0</ele><time>2026-09-27T07:30:00.000Z</time><extensions><gpxtpx:TrackPointExtension><gpxtpx:hr>156</gpxtpx:hr></gpxtpx:TrackPointExtension></extensions></trkpt>
<trkpt lat="51.507459" lon="-0.117233"><ele>30.6</ele><time>2026-09-27T07:30:03.000Z</time><extensions><gpxtpx:TrackPointExtension><gpxtpx:hr>157</gpxtpx:hr></gpxtpx:TrackPointExtension></extensions></trkpt>
<trkpt lat="51.507518" lon="-0.117167"><ele>31.2</ele><time>2026-09-27T07:30:05.000Z</time><extensions><gpxtpx:TrackPointExtension><gpxtpx:hr>157</gpxtpx:hr></gpxtpx:TrackPointExtension></extensions></trkpt>
<trkpt lat="51.507579" lon="-0.117102"><ele>31.8</ele><time>2026-09-27T07:30:08.000Z</time><extensions><gpxtpx:TrackPointExtension><gpxtpx:hr>158</gpxtpx:hr></gpxtpx:TrackPointExtension></extensions></trkpt>
<trkpt lat="51.507640" lon="-0.117038"><ele>32.4</ele><time>2026-09-27T07:30:10.000Z</time><extensions><gpxtpx:TrackPointExtension><gpxtpx:hr>159</gpxtpx:hr></gpxtpx:TrackPointExtension></extensions></trkpt>
<trkpt lat="51.507701" lon="-0.116975"><ele>32.9</ele><time>2026-09-27T07:30:13.000Z</time><extensions><gpxtpx:TrackPointExtension><gpxtpx:hr>159</gpxtpx:hr></gpxtpx:TrackPointExtension></extensions></trkpt>
<trkpt lat="51.507764" lon="-0.116914"><ele>33.5</ele><time>2026-09-27T07:30:16.000Z</time><extensions><gpxtpx:TrackPointExtension><gpxtpx:hr>160</gpxtpx:hr></gpxtpx:TrackPointExtension></extensions></trkpt>
<trkpt lat="51.507827" lon="-0.116853"><ele>34.1</ele><time>2026-09-27T07:30:18.000Z</time><extensions><gpxtpx:TrackPointExtension><gpxtpx:hr>161</gpxtpx:hr></gpxtpx:TrackPointExtension></extensions></trkpt>
<trkpt lat="51.507891" lon="-0.116794"><ele>34.7</ele><time>2026-09-27T07:30:21.000Z</time><extensions><gpxtpx:TrackPointExtension><gpxtpx:hr>161</gpxtpx:hr></gpxtpx:TrackPointExtension></extensions></trkpt>
<trkpt lat="51.507955" lon="-0.116736"><ele>35.2</ele><time>2026-09-27T07:30:23.000Z</time><extensions><gpxtpx:TrackPointExtension><gpxtpx:hr>162</gpxtpx:hr></gpxtpx:TrackPointExtension></extensions></trkpt>
<trkpt lat="51.508021" lon="-0.116680"><ele>35.7</ele><time>2026-09-27T07:30:26.000Z</time><extensions><gpxtpx:TrackPointExtension><gpxtpx:hr>163</gpxtpx:hr></gpxtpx:TrackPointExtension></extensions></trkpt>
<trkpt lat="51.508086" lon="-0.116625"><ele>36.3</ele><time>2026-09-27T07:30:28.000Z</time><extensions><gpxtpx:TrackPointExtension><gpxtpx:hr>163</gpxtpx:hr></gpxtpx:TrackPointExtension></extensions></trkpt>
<trkpt lat="51.508153" lon="-0.116572"><ele>36.8</ele><time>2026-09-27T07:30:31.000Z</time><extensions><gpxtpx:TrackPointExtension><gpxtpx:hr>164</gpxtpx:hr></gpxtpx:TrackPointExtension></extensions></trkpt>
<trkpt lat="51.508220" lon="-0.116520"><ele>37.3</ele><time>2026-09-27T07:30:34.000Z</time><extensions><gpxtpx:TrackPointExtension><gpxtpx:hr>165</gpxtpx:hr></gpxtpx:TrackPointExtension></extensions></trkpt>
<trkpt lat="51.508287" lon="-0.116470"><ele>37.8</ele><time>2026-09-27T07:30:36.000Z</time><extensions><gpxtpx:TrackPointExtension><gpxtpx:hr>165</gpxtpx:hr></gpxtpx:TrackPointExtension></extensions></trkpt>
<trkpt lat="51.508356" lon="-0.116421"><ele>38.3</ele><time>2026-09-27T07:30:39.000Z</time><extensions><gpxtpx:TrackPointExtension><gpxtpx:hr>166</gpxtpx:hr></gpxtpx:TrackPointExtension></extensions></trkpt>
<trkpt lat="51.508424" lon="-0.116375"><ele>38.7</ele><time>2026-09-27T07:30:41.000Z</time><extensions><gpxtpx:TrackPointExtension><gpxtpx:hr>166</gpxtpx:hr></gpxtpx:TrackPointExtension></extensions></trkpt>
<trkpt lat="51.508494" lon="-0.116330"><ele>39.2</ele><time>2026-09-27T07:30:44.000Z</time><extensions><gpxtpx:TrackPointExtension><gpxtpx:hr>167</gpxtpx:hr></gpxtpx:TrackPointExtension></extensions></trkpt>
<trkpt lat="51.508563" lon="-0.116287"><ele>39.6</ele><time>2026-09-27T07:30:47.000Z</time><extensions><gpxtpx:TrackPointExtension><gpxtpx:hr>167</gpxtpx:hr></gpxtpx:TrackPointExtension></extensions></trkpt>
<trkpt lat="51.508634" lon="-0.116246"><ele>40.0</ele><time>2026-09-27T07:30:49.000Z</time><extensions><gpxtpx:TrackPointExtension><gpxtpx:hr>168</gpxtpx:hr></gpxtpx:TrackPointExtension></extensions></trkpt>
<trkpt lat="51.508704" lon="-0.116207"><ele>40.4</ele><time>2026-09-27T07:30:52.000Z</time><extensions><gpxtpx:TrackPointExtension><gpxtpx:hr>168</gpxtpx:hr></gpxtpx:TrackPointExtension></extensions></trkpt>
<trkpt lat="51.508775" lon="-0.116170"><ele>40.7</ele><time>2026-09-27T07:30:54.000Z</time><extensions><gpxtpx:TrackPointExtension><gpxtpx:hr>169</gpxtpx:hr></gpxtpx:TrackPointExtension></extensions></trkpt>
<trkpt lat="51.508847" lon="-0.116135"><ele>41.1</ele><time>2026-09-27T07:30:57.000Z</time><extensions><gpxtpx:TrackPointExtension><gpxtpx:hr>169</gpxtpx:hr></gpxtpx:TrackPointExtension></extensions></trkpt>
<trkpt lat="51.508919" lon="-0.116103"><ele>41.4</ele><time>2026-09-27T07:30:59.000Z</time><extensions><gpxtpx:TrackPointExtension><gpxtpx:hr>170</gpxtpx:hr></gpxtpx:TrackPointExtension></extensions></trkpt>
<trkpt lat="51.508991" lon="-0.116072"><ele>41.7</ele><time>2026-09-27T07:31:02.000Z</time><extensions><gpxtpx:TrackPointExtension><gpxtpx:hr>170</gpxtpx:hr></gpxtpx:TrackPointExtension></extensions></trkpt>
<trkpt lat="51.509064" lon="-0.116044"><ele>42.0</ele><time>2026-09-27T07:31:04.000Z</time><extensions><gpxtpx:TrackPointExtension><gpxtpx:hr>171</gpxtpx:hr></gpxtpx:TrackPointExtension></extensions></trkpt>
<trkpt lat="51.509136" lon="-0.116018"><ele>42.3</ele><time>2026-09-27T07:31:07.000Z</time><extensions><gpxtpx:TrackPointExtension><gpxtpx:hr>171</gpxtpx:hr></gpxtpx:TrackPointExtension></extensions></trkpt>
<trkpt lat="51.509210" lon="-0.115994"><ele>42.5</ele><time>2026-09-27T07:31:09.000Z</time><extensions><gpxtpx:TrackPointExtension><gpxtpx:hr>172</gpxtpx:hr></gpxtpx:TrackPointExtension></extensions></trkpt>
<trkpt lat="51.509283" lon="-0.115972"><ele>42.7</ele><time>2026-09-27T07:31:12.000Z</time><extensions><gpxtpx:TrackPointExtension><gpxtpx:hr>172</gpxtpx:hr></gpxtpx:TrackPointExtension></extensions></trkpt>
<trkpt lat="51.509356" lon="-0.115953"><ele>42.9</ele><time>2026-09-27T07:31:14.000Z</time><extensions><gpxtpx:TrackPointExtension><gpxtpx:hr>172</gpxtpx:hr></gpxtpx:TrackPointExtension></extensions></trkpt>
<trkpt lat="51.509430" lon="-0.115937"><ele>43.1</ele><time>2026-09-27T07:31:17.000Z</time><extensions><gpxtpx:TrackPointExtension><gpxtpx:hr>173</gpxtpx:hr></gpxtpx:TrackPointExtension></extensions></trkpt>
<trkpt lat="51.509504" lon="-0.115922"><ele>43.3</ele><time>2026-09-27T07:31:19.000Z</time><extensions><gpxtpx:TrackPointExtension><gpxtpx:hr>173</gpxtpx:hr></gpxtpx:TrackPointExtension></extensions></trkpt>
<trkpt lat="51.509578" lon="-0.115911"><ele>43.4</ele><time>2026-09-27T07:31:22.000Z</time><extensions><gpxtpx:TrackPointExtension><gpxtpx:hr>173</gpxtpx:hr></gpxtpx:TrackPointExtension></extensions></trkpt>
<trkpt lat="51.509651" lon="-0.115901"><ele>43.5</ele><time>2026-09-27T07:31:24.000Z</time><extensions><gpxtpx:TrackPointExtension><gpxtpx:hr>174</gpxtpx:hr></gpxtpx:TrackPointExtension></extensions></trkpt>
<trkpt lat="51.509725" lon="-0.115895"><ele>43.6</ele><time>2026-09-27T07:31:27.000Z</time><extensions><gpxtpx:TrackPointExtension><gpxtpx:hr>174</gpxtpx:hr></gpxtpx:TrackPointExtension></extensions></trkpt>
<trkpt lat="51.509799" lon="-0.115890"><ele>43.7</ele><time>2026-09-27T07:31:29.000Z</time><extensions><gpxtpx:TrackPointExtension><gpxtpx:hr>174</gpxtpx:hr></gpxtpx:TrackPointExtension></extensions></trkpt>
<trkpt lat="51.509873" lon="-0.115889"><ele>43.7</ele><time>2026-09-27T07:31:32.000Z</time><extensions><gpxtpx:TrackPointExtension><gpxtpx:hr>175</gpxtpx:hr></gpxtpx:TrackPointExtension></extensions></trkpt>
<trkpt lat="51.509947" lon="-0.115890"><ele>43.8</ele><time>2026-09-27T07:31:34.000Z</time><extensions><gpxtpx:TrackPointExtension><gpxtpx:hr>175</gpxtpx:hr></gpxtpx:TrackPointExtension></extensions></trkpt>
<trkpt lat="51.510020" lon="-0.115893"><ele>43.8</ele><time>2026-09-27T07:31:37.000Z</time><extensions><gpxtpx:TrackPointExtension><gpxtpx:hr>175</gpxtpx:hr></gpxtpx:TrackPointExtension></extensions></trkpt>
<trkpt lat="51.510094" lon="-0.115900"><ele>43.8</ele><time>2026-09-27T07:31:39.000Z</time><extensions><gpxtpx:TrackPointExtension><gpxtpx:hr>175</gpxtpx:hr></gpxtpx:TrackPointExtension></extensions></trkpt>
<trkpt lat="51.510167" lon="-0.115908"><ele>43.7</ele><time>2026-09-27T07:31:42.000Z</time><extensions><gpxtpx:TrackPointExtension><gpxtpx:hr>175</gpxtpx:hr></gpxtpx:TrackPointExtension></extensions></trkpt>
<trkpt lat="51.510240" lon="-0.115920"><ele>43.7</ele><time>2026-09-27T07:31:44.000Z</time><extensions><gpxtpx:TrackPointExtension><gpxtpx:hr>175</gpxtpx:hr></gpxtpx:TrackPointExtension></extensions></trkpt>
<trkpt lat="51.510313" lon="-0.115934"><ele>43.6</ele><time>2026-09-27T07:31:47.000Z</time><extensions><gpxtpx:TrackPointExtension><gpxtpx:hr>175</gpxtpx:hr></gpxtpx:TrackPointExtension></extensions></trkpt>
<trkpt lat="51.510385" lon="-0.115951"><ele>43.6</ele><time>2026-09-27T07:31:49.000Z</time><extensions><gpxtpx:TrackPointExtension><gpxtpx:hr>175</gpxtpx:hr></gpxtpx:TrackPointExtension></extensions></trkpt>
<trkpt lat="51.510457" lon="-0.115971"><ele>43.5</ele><time>2026-09-27T07:31:52.000Z</time><extensions><gpxtpx:TrackPointExtension><gpxtpx:hr>176</gpxtpx:hr></gpxtpx:TrackPointExtension></extensions></trkpt>
<trkpt lat="51.510529" lon="-0.115993"><ele>43.4</ele><time>2026-09-27T07:31:54.000Z</time><extensions><gpxtpx:TrackPointExtension><gpxtpx:hr>176</gpxtpx:hr></gpxtpx:TrackPointExtension></extensions></trkpt>
<trkpt lat="51.510600" lon="-0.116018"><ele>43.2</ele><time>2026-09-27T07:31:57.000Z</time><extensions><gpxtpx:TrackPointExtension><gpxtpx:hr>176</gpxtpx:hr></gpxtpx:TrackPointExtension></extensions></trkpt>
<trkpt lat="51.510671" lon="-0.116045"><ele>43.1</ele><time>2026-09-27T07:31:59.000Z</time><extensions><gpxtpx:TrackPointExtension><gpxtpx:hr>176</gpxtpx:hr></gpxtpx:TrackPointExtension></extensions></trkpt>
<trkpt lat="51.510741" lon="-0.116075"><ele>43.0</ele><time>2026-09-27T07:32:01.000Z</time><extensions><gpxtpx:TrackPointExtension><gpxtpx:hr>175</gpxtpx:hr></gpxtpx:TrackPointExtension></extensions></trkpt>
<trkpt lat="51.510811" lon="-0.116108"><ele>42.8</ele><time>2026-09-27T07:32:04.000Z</time><extensions><gpxtpx:TrackPointExtension><gpxtpx:hr>175</gpxtpx:hr></gpxtpx:TrackPointExtension></extensions></trkpt>
<trkpt lat="51.510880" lon="-0.116144"><ele>42.6</ele><time>2026-09-27T07:32:06.000Z</time><extensions><gpxtpx:TrackPointExtension><gpxtpx:hr>175</gpxtpx:hr></gpxtpx:TrackPointExtension></extensions></trkpt>
<trkpt lat="51.510949" lon="-0.116182"><ele>42.5</ele><time>2026-09-27T07:32:09.000Z</time><extensions><gpxtpx:TrackPointExtension><gpxtpx:hr>175</gpxtpx:hr></gpxtpx:TrackPointExtension></extensions></trkpt>
<trkpt lat="51.511017" lon="-0.116223"><ele>42.3</ele><time>2026-09-27T07:32:11.000Z</time><extensions><gpxtpx:TrackPointExtension><gpxtpx:hr>175</gpxtpx:hr></gpxtpx:TrackPointExtension></extensions></trkpt>
<trkpt lat="51.511084" lon="-0.116266"><ele>42.1</ele><time>2026-09-27T07:32:14.000Z</time><extensions><gpxtpx:TrackPointExtension><gpxtpx:hr>175</gpxtpx:hr></gpxtpx:TrackPointExtension></extensions></trkpt>
<trkpt lat="51.511151" lon="-0.116312"><ele>41.9</ele><time>2026-09-27T07:32:16.000Z</time><extensions><gpxtpx:TrackPointExtension><gpxtpx:hr>175</gpxtpx:hr></gpxtpx:TrackPointExtension></extensions></trkpt>
<trkpt lat="51.511216" lon="-0.116361"><ele>41.7</ele><time>2026-09-27T07:32:19.000Z</time><extensions><gpxtpx:TrackPointExtension><gpxtpx:hr>175</gpxtpx:hr></gpxtpx:TrackPointExtension></extensions></trkpt>
<trkpt lat="51.511281" lon="-0.116412"><ele>41.5</ele><time>2026-09-27T07:32:21.000Z</time><extensions><gpxtpx:TrackPointExtension><gpxtpx:hr>174</gpxtpx:hr></gpxtpx:TrackPointExtension></extensions></trkpt>
<trkpt lat="51.511346" lon="-0.116466"><ele>41.3</ele><time>2026-09-27T07:32:23.000Z</time><extensions><gpxtpx:TrackPointExtension><gpxtpx:hr>174</gpxtpx:hr></gpxtpx:TrackPointExtension></extensions></trkpt>
<trkpt lat="51.511409" lon="-0.116522"><ele>41.1</ele><time>2026-09-27T07:32:26.000Z</time><extensions><gpxtpx:TrackPointExtension><gpxtpx:hr>174</gpxtpx:hr></gpxtpx:TrackPointExtension></extensions></trkpt>
<trkpt lat="51.511472" lon="-0.116581"><ele>40.8</ele><time>2026-09-27T07:32:28.000Z</time><extensions><gpxtpx:TrackPointExtension><gpxtpx:hr>173</gpxtpx:hr></gpxtpx:TrackPointExtension></extensions></trkpt>
<trkpt lat="51.511533" lon="-0.116642"><ele>40.6</ele><time>2026-09-27T07:32:31.000Z</time><extensions><gpxtpx:TrackPointExtension><gpxtpx:hr>173</gpxtpx:hr></gpxtpx:TrackPointExtension></extensions></trkpt>
<trkpt lat="51.511594" lon="-0.116706"><ele>40.4</ele><time>2026-09-27T07:32:33.000Z</time><extensions><gpxtpx:TrackPointExtension><gpxtpx:hr>173</gpxtpx:hr></gpxtpx:TrackPointExtension></extensions></trkpt>
<trkpt lat="51.511654" lon="-0.116772"><ele>40.2</ele><time>2026-09-27T07:32:36.000Z</time><extensions><gpxtpx:TrackPointExtension><gpxtpx:hr>173</gpxtpx:hr></gpxtpx:TrackPointExtension></extensions></trkpt>
<trkpt lat="51.511712" lon="-0.116840"><ele>40.0</ele><time>2026-09-27T07:32:38.000Z</time><extensions><gpxtpx:TrackPointExtension><gpxtpx:hr>172</gpxtpx:hr></gpxtpx:TrackPointExtension></extensions></trkpt>
<trkpt lat="51.511770" lon="-0.116911"><ele>39.8</ele><time>2026-09-27T07:32:41.000Z</time><extensions><gpxtpx:TrackPointExtension><gpxtpx:hr>172</gpxtpx:hr></gpxtpx:TrackPointExtension></extensions></trkpt>
<trkpt lat="51.511827" lon="-0.116984"><ele>39.6</ele><time>2026-09-27T07:32:43.000Z</time><extensions><gpxtpx:TrackPointExtension><gpxtpx:hr>171</gpxtpx:hr></gpxtpx:TrackPointExtension></extensions></trkpt>
<trkpt lat="51.511882" lon="-0.117059"><ele>39.4</ele><time>2026-09-27T07:32:46.000Z</time><extensions><gpxtpx:TrackPointExtension><gpxtpx:hr>171</gpxtpx:hr></gpxtpx:TrackPointExtension></extensions></trkpt>
<trkpt lat="51.511936" lon="-0.117137"><ele>39.3</ele><time>2026-09-27T07:32:48.000Z</time><extensions><gpxtpx:TrackPointExtension><gpxtpx:hr>171</gpxtpx:hr></gpxtpx:TrackPointExtension></extensions></trkpt>
<trkpt lat="51.511990" lon="-0.117216"><ele>39.1</ele><time>2026-09-27T07:32:51.000Z</time><extensions><gpxtpx:TrackPointExtension><gpxtpx:hr>170</gpxtpx:hr></gpxtpx:TrackPointExtension></extensions></trkpt>
<trkpt lat="51.512042" lon="-0.117298"><ele>38.9</ele><time>2026-09-27T07:32:53.000Z</time><extensions><gpxtpx:TrackPointExtension><gpxtpx:hr>170</gpxtpx:hr></gpxtpx:TrackPointExtension></extensions></trkpt>
<trkpt lat="51.512093" lon="-0.117382"><ele>38.8</ele><time>2026-09-27T07:32:56.000Z</time><extensions><gpxtpx:TrackPointExtension><gpxtpx:hr>169</gpxtpx:hr></gpxtpx:TrackPointExtension></extensions></trkpt>
<trkpt lat="51.512143" lon="-0.117468"><ele>38.6</ele><time>2026-09-27T07:32:58.000Z</time><extensions><gpxtpx:TrackPointExtension><gpxtpx:hr>169</gpxtpx:hr></gpxtpx:TrackPointExtension></extensions></trkpt>
<trkpt lat="51.512191" lon="-0.117555"><ele>38.5</ele><time>2026-09-27T07:33:01.000Z</time><extensions><gpxtpx:TrackPointExtension><gpxtpx:hr>168</gpxtpx:hr></gpxtpx:TrackPointExtension></extensions></trkpt>
<trkpt lat="51.512239" lon="-0.117645"><ele>38.4</ele><time>2026-09-27T07:33:04.000Z</time><extensions><gpxtpx:TrackPointExtension><gpxtpx:hr>168</gpxtpx:hr></gpxtpx:TrackPointExtension></extensions></trkpt>
<trkpt lat="51.512285" lon="-0.117736"><ele>38.3</ele><time>2026-09-27T07:33:06.000Z</time><extensions><gpxtpx:TrackPointExtension><gpxtpx:hr>167</gpxtpx:hr></gpxtpx:TrackPointExtension></extensions></trkpt>
<trkpt lat="51.512330" lon="-0.117830"><ele>38.2</ele><time>2026-09-27T07:33:09.000Z</time><extensions><gpxtpx:TrackPointExtension><gpxtpx:hr>167</gpxtpx:hr></gpxtpx:TrackPointExtension></extensions></trkpt>
<trkpt lat="51.512373" lon="-0.117925"><ele>38.1</ele><time>2026-09-27T07:33:11.000Z</time><extensions><gpxtpx:TrackPointExtension><gpxtpx:hr>166</gpxtpx:hr></gpxtpx:TrackPointExtension></extensions></trkpt>
<trkpt lat="51.512415" lon="-0.118022"><ele>38.0</ele><time>2026-09-27T07:33:14.000Z</time><extensions><gpxtpx:TrackPointExtension><gpxtpx:hr>166</gpxtpx:hr></gpxtpx:TrackPointExtension></extensions></trkpt>
<trkpt lat="51.512456" lon="-0.118120"><ele>38.0</ele><time>2026-09-27T07:33:17.000Z</time><extensions><gpxtpx:TrackPointExtension><gpxtpx:hr>165</gpxtpx:hr></gpxtpx:TrackPointExtension></extensions></trkpt>
<trkpt lat="51.512496" lon="-0.118220"><ele>38.0</ele><time>2026-09-27T07:33:19.000Z</time><extensions><gpxtpx:TrackPointExtension><gpxtpx:hr>164</gpxtpx:hr></gpxtpx:TrackPointExtension></extensions></trkpt>
<trkpt lat="51.512534" lon="-0.118322"><ele>37.9</ele><time>2026-09-27T07:33:22.000Z</time><extensions><gpxtpx:TrackPointExtension><gpxtpx:hr>164</gpxtpx:hr></gpxtpx:TrackPointExtension></extensions></trkpt>
<trkpt lat="51.512571" lon="-0.118424"><ele>37.9</ele><time>2026-09-27T07:33:24.000Z</time><extensions><gpxtpx:TrackPointExtension><gpxtpx:hr>163</gpxtpx:hr></gpxtpx:TrackPointExtension></extensions></trkpt>
<trkpt lat="51.512607" lon="-0.118529"><ele>37.9</ele><time>2026-09-27T07:33:27.000Z</time><extensions><gpxtpx:TrackPointExtension><gpxtpx:hr>163</gpxtpx:hr></gpxtpx:TrackPointExtension></extensions></trkpt>
<trkpt lat="51.512641" lon="-0.118635"><ele>38.0</ele><time>2026-09-27T07:33:30.000Z</time><extensions><gpxtpx:TrackPointExtension><gpxtpx:hr>162</gpxtpx:hr></gpxtpx:TrackPointExtension></extensions></trkpt>
<trkpt lat="51.512674" lon="-0.118742"><ele>38.0</ele><time>2026-09-27T07:33:32.000Z</time><extensions><gpxtpx:TrackPointExtension><gpxtpx:hr>161</gpxtpx:hr></gpxtpx:TrackPointExtension></extensions></trkpt>
<trkpt lat="51.512705" lon="-0.118850"><ele>38.0</ele><time>2026-09-27T07:33:35.000Z</time><extensions><gpxtpx:TrackPointExtension><gpxtpx:hr>161</gpxtpx:hr></gpxtpx:TrackPointExtension></extensions></trkpt>
<trkpt lat="51.512736" lon="-0.118959"><ele>38.1</ele><time>2026-09-27T07:33:38.000Z</time><extensions><gpxtpx:TrackPointExtension><gpxtpx:hr>160</gpxtpx:hr></gpxtpx:TrackPointExtension></extensions></trkpt>
<trkpt lat="51.512764" lon="-0.119070"><ele>38.2</ele><time>2026-09-27T07:33:41.000Z</time><extensions><gpxtpx:TrackPointExtension><gpxtpx:hr>160</gpxtpx:hr></gpxtpx:TrackPointExtension></extensions></trkpt>
<trkpt lat="51.512792" lon="-0.119181"><ele>38.3</ele><time>2026-09-27T07:33:43.000Z</time><extensions><gpxtpx:TrackPointExtension><gpxtpx:hr>159</gpxtpx:hr></gpxtpx:TrackPointExtension></extensions></trkpt>
<trkpt lat="51.512818" lon="-0.119294"><ele>38.4</ele><time>2026-09-27T07:33:46.000Z</time><extensions><gpxtpx:TrackPointExtension><gpxtpx:hr>158</gpxtpx:hr></gpxtpx:TrackPointExtension></extensions></trkpt>
<trkpt lat="51.512843" lon="-0.119407"><ele>38.5</ele><time>2026-09-27T07:33:49.000Z</time><extensions><gpxtpx:TrackPointExtension><gpxtpx:hr>158</gpxtpx:hr></gpxtpx:TrackPointExtension></extensions></trkpt>
<trkpt lat="51.512866" lon="-0.119521"><ele>38.7</ele><time>2026-09-27T07:33:52.000Z</time><extensions><gpxtpx:TrackPointExtension><gpxtpx:hr>157</gpxtpx:hr></gpxtpx:TrackPointExtension></extensions></trkpt>
<trkpt lat="51.512888" lon="-0.119636"><ele>38.8</ele><time>2026-09-27T07:33:54.000Z</time><extensions><gpxtpx:TrackPointExtension><gpxtpx:hr>157</gpxtpx:hr></gpxtpx:TrackPointExtension></extensions></trkpt>
<trkpt lat="51.512908" lon="-0.119752"><ele>39.0</ele><time>2026-09-27T07:33:57.000Z</time><extensions><gpxtpx:TrackPointExtension><gpxtpx:hr>156</gpxtpx:hr></gpxtpx:TrackPointExtension></extensions></trkpt>
<trkpt lat="51.512928" lon="-0.119869"><ele>39.2</ele><time>2026-09-27T07:34:00.000Z</time><extensions><gpxtpx:TrackPointExtension><gpxtpx:hr>155</gpxtpx:hr></gpxtpx:TrackPointExtension></extensions></trkpt>
<trkpt lat="51.512946" lon="-0.119986"><ele>39.3</ele><time>2026-09-27T07:34:03.000Z</time><extensions><gpxtpx:TrackPointExtension><gpxtpx:hr>155</gpxtpx:hr></gpxtpx:TrackPointExtension></extensions></trkpt>
<trkpt lat="51.512962" lon="-0.120103"><ele>39.5</ele><time>2026-09-27T07:34:06.000Z</time><extensions><gpxtpx:TrackPointExtension><gpxtpx:hr>154</gpxtpx:hr></gpxtpx:TrackPointExtension></extensions></trkpt>
<trkpt lat="51.512977" lon="-0.120221"><ele>39.7</ele><time>2026-09-27T07:34:08.000Z</time><extensions><gpxtpx:TrackPointExtension><gpxtpx:hr>154</gpxtpx:hr></gpxtpx:TrackPointExtension></extensions></trkpt>
<trkpt lat="51.512991" lon="-0.120339"><ele>40.0</ele><time>2026-09-27T07:34:11.000Z</time><extensions><gpxtpx:TrackPointExtension><gpxtpx:hr>153</gpxtpx:hr></gpxtpx:TrackPointExtension></extensions></trkpt>
<trkpt lat="51.513004" lon="-0.120458"><ele>40.2</ele><time>2026-09-27T07:34:14.000Z</time><extensions><gpxtpx:TrackPointExtension><gpxtpx:hr>152</gpxtpx:hr></gpxtpx:TrackPointExtension></extensions></trkpt>
<trkpt lat="51.513016" lon="-0.120577"><ele>40.4</ele><time>2026-09-27T07:34:17.000Z</time><extensions><gpxtpx:TrackPointExtension><gpxtpx:hr>152</gpxtpx:hr></gpxtpx:TrackPointExtension></extensions></trkpt>
<trkpt lat="51.513026" lon="-0.120696"><ele>40.7</ele><time>2026-09-27T07:34:20.000Z</time><extensions><gpxtpx:TrackPointExtension><gpxtpx:hr>151</gpxtpx:hr></gpxtpx:TrackPointExtension></extensions></trkpt>
<trkpt lat="51.513035" lon="-0.120816"><ele>40.9</ele><time>2026-09-27T07:34:23.000Z</time><extensions><gpxtpx:TrackPointExtension><gpxtpx:hr>151</gpxtpx:hr></gpxtpx:TrackPointExtension></extensions></trkpt>
<trkpt lat="51.513042" lon="-0.120935"><ele>41.1</ele><time>2026-09-27T07:34:26.000Z</time><extensions><gpxtpx:TrackPointExtension><gpxtpx:hr>150</gpxtpx:hr></gpxtpx:TrackPointExtension></extensions></trkpt>
<trkpt lat="51.513049" lon="-0.121055"><ele>41.4</ele><time>2026-09-27T07:34:28.000Z</time><extensions><gpxtpx:TrackPointExtension><gpxtpx:hr>150</gpxtpx:hr></gpxtpx:TrackPointExtension></extensions></trkpt>
<trkpt lat="51.513054" lon="-0.121174"><ele>41.6</ele><time>2026-09-27T07:34:31.000Z</time><extensions><gpxtpx:TrackPointExtension><gpxtpx:hr>149</gpxtpx:hr></gpxtpx:TrackPointExtension></extensions></trkpt>
<trkpt lat="51.513058" lon="-0.121294"><ele>41.9</ele><time>2026-09-27T07:34:34.000Z</time><extensions><gpxtpx:TrackPointExtension><gpxtpx:hr>149</gpxtpx:hr></gpxtpx:TrackPointExtension></extensions></trkpt>
<trkpt lat="51.513061" lon="-0.121413"><ele>42.1</ele><time>2026-09-27T07:34:37.000Z</time><extensions><gpxtpx:TrackPointExtension><gpxtpx:hr>148</gpxtpx:hr></gpxtpx:TrackPointExtension></extensions></trkpt>
<trkpt lat="51.513063" lon="-0.121532"><ele>42.4</ele><time>2026-09-27T07:34:40.000Z</time><extensions><gpxtpx:TrackPointExtension><gpxtpx:hr>148</gpxtpx:hr></gpxtpx:TrackPointExtension></extensions></trkpt>
<trkpt lat="51.513064" lon="-0.121651"><ele>42.6</ele><time>2026-09-27T07:34:43.000Z</time><extensions><gpxtpx:TrackPointExtension><gpxtpx:hr>147</gpxtpx:hr></gpxtpx:TrackPointExtension></extensions></trkpt>
<trkpt lat="51.513064" lon="-0.121770"><ele>42.9</ele><time>2026-09-27T07:34:46.000Z</time><extensions><gpxtpx:TrackPointExtension><gpxtpx:hr>147</gpxtpx:hr></gpxtpx:TrackPointExtension></extensions></trkpt>
<trkpt lat="51.513063" lon="-0.121888"><ele>43.1</ele><time>2026-09-27T07:34:49.000Z</time><extensions><gpxtpx:TrackPointExtension><gpxtpx:hr>147</gpxtpx:hr></gpxtpx:TrackPointExtension></extensions></trkpt>
<trkpt lat="51.513061" lon="-0.122006"><ele>43.4</ele><time>2026-09-27T07:34:52.000Z</time><extensions><gpxtpx:TrackPointExtension><gpxtpx:hr>146</gpxtpx:hr></gpxtpx:TrackPointExtension></extensions></trkpt>
<trkpt lat="51.513057" lon="-0.122123"><ele>43.6</ele><time>2026-09-27T07:34:54.000Z</time><extensions><gpxtpx:TrackPointExtension><gpxtpx:hr>146</gpxtpx:hr></gpxtpx:TrackPointExtension></extensions></trkpt>
<trkpt lat="51.513053" lon="-0.122240"><ele>43.8</ele><time>2026-09-27T07:34:57.000Z</time><extensions><gpxtpx:TrackPointExtension><gpxtpx:hr>145</gpxtpx:hr></gpxtpx:TrackPointExtension></extensions></trkpt>
<trkpt lat="51.513048" lon="-0.122357"><ele>44.0</ele><time>2026-09-27T07:35:00.000Z</time><extensions><gpxtpx:TrackPointExtension><gpxtpx:hr>145</gpxtpx:hr></gpxtpx:TrackPointExtension></extensions></trkpt>
<trkpt lat="51.513042" lon="-0.122473"><ele>44.2</ele><time>2026-09-27T07:35:03.000Z</time><extensions><gpxtpx:TrackPointExtension><gpxtpx:hr>145</gpxtpx:hr></gpxtpx:TrackPointExtension></extensions></trkpt>
<trkpt lat="51.513035" lon="-0.122588"><ele>44.4</ele><time>2026-09-27T07:35:06.000Z</time><extensions><gpxtpx:TrackPointExtension><gpxtpx:hr>145</gpxtpx:hr></gpxtpx:TrackPointExtension></extensions></trkpt>
<trkpt lat="51.513028" lon="-0.122703"><ele>44.6</ele><time>2026-09-27T07:35:09.000Z</time><extensions><gpxtpx:TrackPointExtension><gpxtpx:hr>144</gpxtpx:hr></gpxtpx:TrackPointExtension></extensions></trkpt>
<trkpt lat="51.513019" lon="-0.122817"><ele>44.8</ele><time>2026-09-27T07:35:12.000Z</time><extensions><gpxtpx:TrackPointExtension><gpxtpx:hr>144</gpxtpx:hr></gpxtpx:TrackPointExtension></extensions></trkpt>
<trkpt lat="51.513010" lon="-0.122931"><ele>44.9</ele><time>2026-09-27T07:35:14.000Z</time><extensions><gpxtpx:TrackPointExtension><gpxtpx:hr>144</gpxtpx:hr></gpxtpx:TrackPointExtension></extensions></trkpt>
<trkpt lat="51.513000" lon="-0.123043"><ele>45.1</ele><time>2026-09-27T07:35:17.000Z</time><extensions><gpxtpx:TrackPointExtension><gpxtpx:hr>144</gpxtpx:hr></gpxtpx:TrackPointExtension></extensions></trkpt>
<trkpt lat="51.512990" lon="-0.123155"><ele>45.2</ele><time>2026-09-27T07:35:20.000Z</time><extensions><gpxtpx:TrackPointExtension><gpxtpx:hr>143</gpxtpx:hr></gpxtpx:TrackPointExtension></extensions></trkpt>
<trkpt lat="51.512979" lon="-0.123266"><ele>45.3</ele><time>2026-09-27T07:35:23.000Z</time><extensions><gpxtpx:TrackPointExtension><gpxtpx:hr>143</gpxtpx:hr></gpxtpx:TrackPointExtension></extensions></trkpt>
<trkpt lat="51.512967" lon="-0.123376"><ele>45.4</ele><time>2026-09-27T07:35:26.000Z</time><extensions><gpxtpx:TrackPointExtension><gpxtpx:hr>143</gpxtpx:hr></gpxtpx:TrackPointExtension></extensions></trkpt>
<trkpt lat="51.512955" lon="-0.123486"><ele>45.5</ele><time>2026-09-27T07:35:29.000Z</time><extensions><gpxtpx:TrackPointExtension><gpxtpx:hr>143</gpxtpx:hr></gpxtpx:TrackPointExtension></extensions></trkpt>
<trkpt lat="51.512942" lon="-0.123594"><ele>45.5</ele><time>2026-09-27T07:35:31.000Z</time><extensions><gpxtpx:TrackPointExtension><gpxtpx:hr>143</gpxtpx:hr></gpxtpx:TrackPointExtension></extensions></trkpt>
<trkpt lat="51.512928" lon="-0.123702"><ele>45.6</ele><time>2026-09-27T07:35:34.000Z</time><extensions><gpxtpx:TrackPointExtension><gpxtpx:hr>143</gpxtpx:hr></gpxtpx:TrackPointExtension></extensions></trkpt>
<trkpt lat="51.512914" lon="-0.123808"><ele>45.6</ele><time>2026-09-27T07:35:37.000Z</time><extensions><gpxtpx:TrackPointExtension><gpxtpx:hr>143</gpxtpx:hr></gpxtpx:TrackPointExtension></extensions></trkpt>
<trkpt lat="51.512900" lon="-0.123914"><ele>45.6</ele><time>2026-09-27T07:35:39.000Z</time><extensions><gpxtpx:TrackPointExtension><gpxtpx:hr>143</gpxtpx:hr></gpxtpx:TrackPointExtension></extensions></trkpt>
<trkpt lat="51.512885" lon="-0.124018"><ele>45.6</ele><time>2026-09-27T07:35:42.000Z</time><extensions><gpxtpx:TrackPointExtension><gpxtpx:hr>143</gpxtpx:hr></gpxtpx:TrackPointExtension></extensions></trkpt>
<trkpt lat="51.512870" lon="-0.124122"><ele>45.5</ele><time>2026-09-27T07:35:45.000Z</time><extensions><gpxtpx:TrackPointExtension><gpxtpx:hr>143</gpxtpx:hr></gpxtpx:TrackPointExtension></extensions></trkpt>
<trkpt lat="51.512855" lon="-0.124225"><ele>45.5</ele><time>2026-09-27T07:35:48.000Z</time><extensions><gpxtpx:TrackPointExtension><gpxtpx:hr>143</gpxtpx:hr></gpxtpx:TrackPointExtension></extensions></trkpt>
<trkpt lat="51.512839" lon="-0.124327"><ele>45.4</ele><time>2026-09-27T07:35:50.000Z</time><extensions><gpxtpx:TrackPointExtension><gpxtpx:hr>143</gpxtpx:hr></gpxtpx:TrackPointExtension></extensions></trkpt>
<trkpt lat="51.512823" lon="-0.124427"><ele>45.3</ele><time>2026-09-27T07:35:53.000Z</time><extensions><gpxtpx:TrackPointExtension><gpxtpx:hr>143</gpxtpx:hr></gpxtpx:TrackPointExtension></extensions></trkpt>
<trkpt lat="51.512807" lon="-0.124527"><ele>45.2</ele><time>2026-09-27T07:35:55.000Z</time><extensions><gpxtpx:TrackPointExtension><gpxtpx:hr>143</gpxtpx:hr></gpxtpx:TrackPointExtension></extensions></trkpt>
<trkpt lat="51.512791" lon="-0.124625"><ele>45.0</ele><time>2026-09-27T07:35:58.000Z</time><extensions><gpxtpx:TrackPointExtension><gpxtpx:hr>143</gpxtpx:hr></gpxtpx:TrackPointExtension></extensions></trkpt>
<trkpt lat="51.512775" lon="-0.124723"><ele>44.8</ele><time>2026-09-27T07:36:00.000Z</time><extensions><gpxtpx:TrackPointExtension><gpxtpx:hr>143</gpxtpx:hr></gpxtpx:TrackPointExtension></extensions></trkpt>
<trkpt lat="51.512758" lon="-0.124819"><ele>44.6</ele><time>2026-09-27T07:36:03.000Z</time><extensions><gpxtpx:TrackPointExtension><gpxtpx:hr>143</gpxtpx:hr></gpxtpx:TrackPointExtension></extensions></trkpt>
<trkpt lat="51.512741" lon="-0.124915"><ele>44.4</ele><time>2026-09-27T07:36:05.000Z</time><extensions><gpxtpx:TrackPointExtension><gpxtpx:hr>143</gpxtpx:hr></gpxtpx:TrackPointExtension></extensions></trkpt>
<trkpt lat="51.512725" lon="-0.125009"><ele>44.2</ele><time>2026-09-27T07:36:08.000Z</time><extensions><gpxtpx:TrackPointExtension><gpxtpx:hr>144</gpxtpx:hr></gpxtpx:TrackPointExtension></extensions></trkpt>
<trkpt lat="51.512708" lon="-0.125103"><ele>43.9</ele><time>2026-09-27T07:36:10.000Z</time><extensions><gpxtpx:TrackPointExtension><gpxtpx:hr>144</gpxtpx:hr></gpxtpx:TrackPointExtension></extensions></trkpt>
<trkpt lat="51.512692" lon="-0.125195"><ele>43.6</ele><time>2026-09-27T07:36:13.000Z</time><extensions><gpxtpx:TrackPointExtension><gpxtpx:hr>144</gpxtpx:hr></gpxtpx:TrackPointExtension></extensions></trkpt>
<trkpt lat="51.512675" lon="-0.125287"><ele>43.3</ele><time>2026-09-27T07:36:15.000Z</time><extensions><gpxtpx:TrackPointExtension><gpxtpx:hr>144</gpxtpx:hr></gpxtpx:TrackPointExtension></extensions></trkpt>
<trkpt lat="51.512659" lon="-0.125377"><ele>43.0</ele><time>2026-09-27T07:36:18.000Z</time><extensions><gpxtpx:TrackPointExtension><gpxtpx:hr>145</gpxtpx:hr></gpxtpx:TrackPointExtension></extensions></trkpt>
<trkpt lat="51.512643" lon="-0.125466"><ele>42.6</ele><time>2026-09-27T07:36:20.000Z</time><extensions><gpxtpx:TrackPointExtension><gpxtpx:hr>145</gpxtpx:hr></gpxtpx:TrackPointExtension></extensions></trkpt>
<trkpt lat="51.512627" lon="-0.125555"><ele>42.3</ele><time>2026-09-27T07:36:22.000Z</time><extensions><gpxtpx:TrackPointExtension><gpxtpx:hr>145</gpxtpx:hr></gpxtpx:TrackPointExtension></extensions></trkpt>
<trkpt lat="51.512611" lon="-0.125642"><ele>41.9</ele><time>2026-09-27T07:36:24.000Z</time><extensions><gpxtpx:TrackPointExtension><gpxtpx:hr>146</gpxtpx:hr></gpxtpx:TrackPointExtension></extensions></trkpt>
<trkpt lat="51.512596" lon="-0.125728"><ele>41.5</ele><time>2026-09-27T07:36:27.000Z</time><extensions><gpxtpx:TrackPointExtension><gpxtpx:hr>146</gpxtpx:hr></gpxtpx:TrackPointExtension></extensions></trkpt>
<trkpt lat="51.512580" lon="-0.125814"><ele>41.0</ele><time>2026-09-27T07:36:29.000Z</time><extensions><gpxtpx:TrackPointExtension><gpxtpx:hr>146</gpxtpx:hr></gpxtpx:TrackPointExtension></extensions></trkpt>
<trkpt lat="51.512565" lon="-0.125898"><ele>40.6</ele><time>2026-09-27T07:36:31.000Z</time><extensions><gpxtpx:TrackPointExtension><gpxtpx:hr>147</gpxtpx:hr></gpxtpx:TrackPointExtension></extensions></trkpt>
<trkpt lat="51.512551" lon="-0.125982"><ele>40.1</ele><time>2026-09-27T07:36:33.000Z</time><extensions><gpxtpx:TrackPointExtension><gpxtpx:hr>147</gpxtpx:hr></gpxtpx:TrackPointExtension></extensions></trkpt>
<trkpt lat="51.512536" lon="-0.126065"><ele>39.7</ele><time>2026-09-27T07:36:35.000Z</time><extensions><gpxtpx:TrackPointExtension><gpxtpx:hr>148</gpxtpx:hr></gpxtpx:TrackPointExtension></extensions></trkpt>
<trkpt lat="51.512523" lon="-0.126147"><ele>39.2</ele><time>2026-09-27T07:36:37.000Z</time><extensions><gpxtpx:TrackPointExtension><gpxtpx:hr>148</gpxtpx:hr></gpxtpx:TrackPointExtension></extensions></trkpt>
<trkpt lat="51.512509" lon="-0.126228"><ele>38.7</ele><time>2026-09-27T07:36:39.000Z</time><extensions><gpxtpx:TrackPointExtension><gpxtpx:hr>149</gpxtpx:hr></gpxtpx:TrackPointExtension></extensions></trkpt>
<trkpt lat="51.512496" lon="-0.126308"><ele>38.1</ele><time>2026-09-27T07:36:41.000Z</time><extensions><gpxtpx:TrackPointExtension><gpxtpx:hr>149</gpxtpx:hr></gpxtpx:TrackPointExtension></extensions></trkpt>
<trkpt lat="51.512484" lon="-0.126388"><ele>37.6</ele><time>2026-09-27T07:36:44.000Z</time><extensions><gpxtpx:TrackPointExtension><gpxtpx:hr>150</gpxtpx:hr></gpxtpx:TrackPointExtension></extensions></trkpt>
<trkpt lat="51.512472" lon="-0.126467"><ele>37.1</ele><time>2026-09-27T07:36:45.000Z</time><extensions><gpxtpx:TrackPointExtension><gpxtpx:hr>150</gpxtpx:hr></gpxtpx:TrackPointExtension></extensions></trkpt>
<trkpt lat="51.512460" lon="-0.126545"><ele>36.5</ele><time>2026-09-27T07:36:47.000Z</time><extensions><gpxtpx:TrackPointExtension><gpxtpx:hr>151</gpxtpx:hr></gpxtpx:TrackPointExtension></extensions></trkpt>
<trkpt lat="51.512449" lon="-0.126622"><ele>36.0</ele><time>2026-09-27T07:36:49.000Z</time><extensions><gpxtpx:TrackPointExtension><gpxtpx:hr>151</gpxtpx:hr></gpxtpx:TrackPointExtension></extensions></trkpt>
<trkpt lat="51.512439" lon="-0.126699"><ele>35.4</ele><time>2026-09-27T07:36:51.000Z</time><extensions><gpxtpx:TrackPointExtension><gpxtpx:hr>152</gpxtpx:hr></gpxtpx:TrackPointExtension></extensions></trkpt>
<trkpt lat="51.512429" lon="-0.126775"><ele>34.8</ele><time>2026-09-27T07:36:53.000Z</time><extensions><gpxtpx:TrackPointExtension><gpxtpx:hr>152</gpxtpx:hr></gpxtpx:TrackPointExtension></extensions></trkpt>
<trkpt lat="51.512420" lon="-0.126851"><ele>34.2</ele><time>2026-09-27T07:36:55.000Z</time><extensions><gpxtpx:TrackPointExtension><gpxtpx:hr>153</gpxtpx:hr></gpxtpx:TrackPointExtension></extensions></trkpt>
<trkpt lat="51.512411" lon="-0.126926"><ele>33.7</ele><time>2026-09-27T07:36:57.000Z</time><extensions><gpxtpx:TrackPointExtension><gpxtpx:hr>154</gpxtpx:hr></gpxtpx:TrackPointExtension></extensions></trkpt>
<trkpt lat="51.512403" lon="-0.127001"><ele>33.1</ele><time>2026-09-27T07:36:59.000Z</time><extensions><gpxtpx:TrackPointExtension><gpxtpx:hr>154</gpxtpx:hr></gpxtpx:TrackPointExtension></extensions></trkpt>
<trkpt lat="51.512396" lon="-0.127075"><ele>32.5</ele><time>2026-09-27T07:37:01.000Z</time><extensions><gpxtpx:TrackPointExtension><gpxtpx:hr>155</gpxtpx:hr></gpxtpx:TrackPointExtension></extensions></trkpt>
<trkpt lat="51.512389" lon="-0.127149"><ele>31.9</ele><time>2026-09-27T07:37:02.000Z</time><extensions><gpxtpx:TrackPointExtension><gpxtpx:hr>155</gpxtpx:hr></gpxtpx:TrackPointExtension></extensions></trkpt>
<trkpt lat="51.512383" lon="-0.127222"><ele>31.3</ele><time>2026-09-27T07:37:04.000Z</time><extensions><gpxtpx:TrackPointExtension><gpxtpx:hr>156</gpxtpx:hr></gpxtpx:TrackPointExtension></extensions></trkpt>
<trkpt lat="51.512378" lon="-0.127295"><ele>30.7</ele><time>2026-09-27T07:37:06.000Z</time><extensions><gpxtpx:TrackPointExtension><gpxtpx:hr>157</gpxtpx:hr></gpxtpx:TrackPointExtension></extensions></trkpt>
<trkpt lat="51.512373" lon="-0.127368"><ele>30.1</ele><time>2026-09-27T07:37:08.000Z</time><extensions><gpxtpx:TrackPointExtension><gpxtpx:hr>157</gpxtpx:hr></gpxtpx:TrackPointExtension></extensions></trkpt>
<trkpt lat="51.512369" lon="-0.127440"><ele>29.5</ele><time>2026-09-27T07:37:09.000Z</time><extensions><gpxtpx:TrackPointExtension><gpxtpx:hr>158</gpxtpx:hr></gpxtpx:TrackPointExtension></extensions></trkpt>
<trkpt lat="51.512366" lon="-0.127512"><ele>29.0</ele><time>2026-09-27T07:37:11.000Z</time><extensions><gpxtpx:TrackPointExtension><gpxtpx:hr>159</gpxtpx:hr></gpxtpx:TrackPointExtension></extensions></trkpt>
<trkpt lat="51.512363" lon="-0.127584"><ele>28.4</ele><time>2026-09-27T07:37:13.000Z</time><extensions><gpxtpx:TrackPointExtension><gpxtpx:hr>159</gpxtpx:hr></gpxtpx:TrackPointExtension></extensions></trkpt>
<trkpt lat="51.512361" lon="-0.127656"><ele>27.8</ele><time>2026-09-27T07:37:14.000Z</time><extensions><gpxtpx:TrackPointExtension><gpxtpx:hr>160</gpxtpx:hr></gpxtpx:TrackPointExtension></extensions></trkpt>
<trkpt lat="51.512360" lon="-0.127728"><ele>27.3</ele><time>2026-09-27T07:37:16.000Z</time><extensions><gpxtpx:TrackPointExtension><gpxtpx:hr>161</gpxtpx:hr></gpxtpx:TrackPointExtension></extensions></trkpt>
<trkpt lat="51.512360" lon="-0.127800"><ele>26.7</ele><time>2026-09-27T07:37:18.000Z</time><extensions><gpxtpx:TrackPointExtension><gpxtpx:hr>161</gpxtpx:hr></gpxtpx:TrackPointExtension></extensions></trkpt>
<trkpt lat="51.512360" lon="-0.127872"><ele>26.2</ele><time>2026-09-27T07:37:19.000Z</time><extensions><gpxtpx:TrackPointExtension><gpxtpx:hr>162</gpxtpx:hr></gpxtpx:TrackPointExtension></extensions></trkpt>
<trkpt lat="51.512361" lon="-0.127944"><ele>25.7</ele><time>2026-09-27T07:37:21.000Z</time><extensions><gpxtpx:TrackPointExtension><gpxtpx:hr>163</gpxtpx:hr></gpxtpx:TrackPointExtension></extensions></trkpt>
<trkpt lat="51.512363" lon="-0.128016"><ele>25.2</ele><time>2026-09-27T07:37:23.000Z</time><extensions><gpxtpx:TrackPointExtension><gpxtpx:hr>163</gpxtpx:hr></gpxtpx:TrackPointExtension></extensions></trkpt>
<trkpt lat="51.512366" lon="-0.128088"><ele>24.7</ele><time>2026-09-27T07:37:24.000Z</time><extensions><gpxtpx:TrackPointExtension><gpxtpx:hr>164</gpxtpx:hr></gpxtpx:TrackPointExtension></extensions></trkpt>
<trkpt lat="51.512369" lon="-0.128160"><ele>24.2</ele><time>2026-09-27T07:37:26.000Z</time><extensions><gpxtpx:TrackPointExtension><gpxtpx:hr>165</gpxtpx:hr></gpxtpx:TrackPointExtension></extensions></trkpt>
<trkpt lat="51.512373" lon="-0.128232"><ele>23.7</ele><time>2026-09-27T07:37:28.000Z</time><extensions><gpxtpx:TrackPointExtension><gpxtpx:hr>165</gpxtpx:hr></gpxtpx:TrackPointExtension></extensions></trkpt>
<trkpt lat="51.512378" lon="-0.128305"><ele>23.3</ele><time>2026-09-27T07:37:29.000Z</time><extensions><gpxtpx:TrackPointExtension><gpxtpx:hr>166</gpxtpx:hr></gpxtpx:TrackPointExtension></extensions></trkpt>
<trkpt lat="51.512383" lon="-0.128378"><ele>22.8</ele><time>2026-09-27T07:37:31.000Z</time><extensions><gpxtpx:TrackPointExtension><gpxtpx:hr>167</gpxtpx:hr></gpxtpx:TrackPointExtension></extensions></trkpt>
<trkpt lat="51.512389" lon="-0.128451"><ele>22.4</ele><time>2026-09-27T07:37:33.000Z</time><extensions><gpxtpx:TrackPointExtension><gpxtpx:hr>167</gpxtpx:hr></gpxtpx:TrackPointExtension></extensions></trkpt>
<trkpt lat="51.512396" lon="-0.128525"><ele>22.0</ele><time>2026-09-27T07:37:34.000Z</time><extensions><gpxtpx:TrackPointExtension><gpxtpx:hr>168</gpxtpx:hr></gpxtpx:TrackPointExtension></extensions></trkpt>
<trkpt lat="51.512403" lon="-0.128599"><ele>21.7</ele><time>2026-09-27T07:37:36.000Z</time><extensions><gpxtpx:TrackPointExtension><gpxtpx:hr>169</gpxtpx:hr></gpxtpx:TrackPointExtension></extensions></trkpt>
<trkpt lat="51.512411" lon="-0.128674"><ele>21.3</ele><time>2026-09-27T07:37:38.000Z</time><extensions><gpxtpx:TrackPointExtension><gpxtpx:hr>169</gpxtpx:hr></gpxtpx:TrackPointExtension></extensions></trkpt>
<trkpt lat="51.512420" lon="-0.128749"><ele>21.0</ele><time>2026-09-27T07:37:40.000Z</time><extensions><gpxtpx:TrackPointExtension><gpxtpx:hr>170</gpxtpx:hr></gpxtpx:TrackPointExtension></extensions></trkpt>
<trkpt lat="51.512429" lon="-0.128825"><ele>20.6</ele><time>2026-09-27T07:37:41.000Z</time><extensions><gpxtpx:TrackPointExtension><gpxtpx:hr>171</gpxtpx:hr></gpxtpx:TrackPointExtension></extensions></trkpt>
<trkpt lat="51.512439" lon="-0.128901"><ele>20.3</ele><time>2026-09-27T07:37:43.000Z</time><extensions><gpxtpx:TrackPointExtension><gpxtpx:hr>171</gpxtpx:hr></gpxtpx:TrackPointExtension></extensions></trkpt>
<trkpt lat="51.512449" lon="-0.128978"><ele>20.1</ele><time>2026-09-27T07:37:45.000Z</time><extensions><gpxtpx:TrackPointExtension><gpxtpx:hr>172</gpxtpx:hr></gpxtpx:TrackPointExtension></extensions></trkpt>
<trkpt lat="51.512460" lon="-0.129055"><ele>19.8</ele><time>2026-09-27T07:37:47.000Z</time><extensions><gpxtpx:TrackPointExtension><gpxtpx:hr>172</gpxtpx:hr></gpxtpx:TrackPointExtension></extensions></trkpt>
<trkpt lat="51.512472" lon="-0.129133"><ele>19.6</ele><time>2026-09-27T07:37:48.000Z</time><extensions><gpxtpx:TrackPointExtension><gpxtpx:hr>173</gpxtpx:hr></gpxtpx:TrackPointExtension></extensions></trkpt>
<trkpt lat="51.512484" lon="-0.129212"><ele>19.3</ele><time>2026-09-27T07:37:50.000Z</time><extensions><gpxtpx:TrackPointExtension><gpxtpx:hr>173</gpxtpx:hr></gpxtpx:TrackPointExtension></extensions></trkpt>
<trkpt lat="51.512496" lon="-0.129292"><ele>19.1</ele><time>2026-09-27T07:37:52.000Z</time><extensions><gpxtpx:TrackPointExtension><gpxtpx:hr>174</gpxtpx:hr></gpxtpx:TrackPointExtension></extensions></trkpt>
<trkpt lat="51.512509" lon="-0.129372"><ele>19.0</ele><time>2026-09-27T07:37:54.000Z</time><extensions><gpxtpx:TrackPointExtension><gpxtpx:hr>175</gpxtpx:hr></gpxtpx:TrackPointExtension></extensions></trkpt>
<trkpt lat="51.512523" lon="-0.129453"><ele>18.8</ele><time>2026-09-27T07:37:56.000Z</time><extensions><gpxtpx:TrackPointExtension><gpxtpx:hr>175</gpxtpx:hr></gpxtpx:TrackPointExtension></extensions></trkpt>
<trkpt lat="51.512536" lon="-0.129535"><ele>18.7</ele><time>2026-09-27T07:37:58.000Z</time><extensions><gpxtpx:TrackPointExtension><gpxtpx:hr>176</gpxtpx:hr></gpxtpx:TrackPointExtension></extensions></trkpt>
<trkpt lat="51.512551" lon="-0.129618"><ele>18.6</ele><time>2026-09-27T07:38:00.000Z</time><extensions><gpxtpx:TrackPointExtension><gpxtpx:hr>176</gpxtpx:hr></gpxtpx:TrackPointExtension></extensions></trkpt>
<trkpt lat="51.512565" lon="-0.129702"><ele>18.5</ele><time>2026-09-27T07:38:01.000Z</time><extensions><gpxtpx:TrackPointExtension><gpxtpx:hr>176</gpxtpx:hr></gpxtpx:TrackPointExtension></extensions></trkpt>
<trkpt lat="51.512580" lon="-0.129786"><ele>18.4</ele><time>2026-09-27T07:38:03.000Z</time><extensions><gpxtpx:TrackPointExtension><gpxtpx:hr>177</gpxtpx:hr></gpxtpx:TrackPointExtension></extensions></trkpt>
<trkpt lat="51.512596" lon="-0.129872"><ele>18.4</ele><time>2026-09-27T07:38:05.000Z</time><extensions><gpxtpx:TrackPointExtension><gpxtpx:hr>177</gpxtpx:hr></gpxtpx:TrackPointExtension></extensions></trkpt>
<trkpt lat="51.512611" lon="-0.129958"><ele>18.3</ele><time>2026-09-27T07:38:07.000Z</time><extensions><gpxtpx:TrackPointExtension><gpxtpx:hr>178</gpxtpx:hr></gpxtpx:TrackPointExtension></extensions></trkpt>
<trkpt lat="51.512627" lon="-0.130045"><ele>18.3</ele><time>2026-09-27T07:38:09.000Z</time><extensions><gpxtpx:TrackPointExtension><gpxtpx:hr>178</gpxtpx:hr></gpxtpx:TrackPointExtension></extensions></trkpt>
<trkpt lat="51.512643" lon="-0.130134"><ele>18.3</ele><time>2026-09-27T07:38:11.000Z</time><extensions><gpxtpx:TrackPointExtension><gpxtpx:hr>179</gpxtpx:hr></gpxtpx:TrackPointExtension></extensions></trkpt>
<trkpt lat="51.512659" lon="-0.130223"><ele>18.3</ele><time>2026-09-27T07:38:13.000Z</time><extensions><gpxtpx:TrackPointExtension><gpxtpx:hr>179</gpxtpx:hr></gpxtpx:TrackPointExtension></extensions></trkpt>
<trkpt lat="51.512675" lon="-0.130313"><ele>18.4</ele><time>2026-09-27T07:38:15.000Z</time><extensions><gpxtpx:TrackPointExtension><gpxtpx:hr>179</gpxtpx:hr></gpxtpx:TrackPointExtension></extensions></trkpt>
<trkpt lat="51.512692" lon="-0.130405"><ele>18.4</ele><time>2026-09-27T07:38:17.000Z</time><extensions><gpxtpx:TrackPointExtension><gpxtpx:hr>180</gpxtpx:hr></gpxtpx:TrackPointExtension></extensions></trkpt>
<trkpt lat="51.512708" lon="-0.130497"><ele>18.5</ele><time>2026-09-27T07:38:20.000Z</time><extensions><gpxtpx:TrackPointExtension><gpxtpx:hr>180</gpxtpx:hr></gpxtpx:TrackPointExtension></extensions></trkpt>
<trkpt lat="51.512725" lon="-0.130591"><ele>18.6</ele><time>2026-09-27T07:38:22.000Z</time><extensions><gpxtpx:TrackPointExtension><gpxtpx:hr>180</gpxtpx:hr></gpxtpx:TrackPointExtension></extensions></trkpt>
<trkpt lat="51.512741" lon="-0.130685"><ele>18.6</ele><time>2026-09-27T07:38:24.000Z</time><extensions><gpxtpx:TrackPointExtension><gpxtpx:hr>180</gpxtpx:hr></gpxtpx:TrackPointExtension></extensions></trkpt>
<trkpt lat="51.512758" lon="-0.130781"><ele>18.7</ele><time>2026-09-27T07:38:26.000Z</time><extensions><gpxtpx:TrackPointExtension><gpxtpx:hr>181</gpxtpx:hr></gpxtpx:TrackPointExtension></extensions></trkpt>
<trkpt lat="51.512775" lon="-0.130877"><ele>18.9</ele><time>2026-09-27T07:38:28.000Z</time><extensions><gpxtpx:TrackPointExtension><gpxtpx:hr>181</gpxtpx:hr></gpxtpx:TrackPointExtension></extensions></trkpt>
<trkpt lat="51.512791" lon="-0.130975"><ele>19.0</ele><time>2026-09-27T07:38:30.000Z</time><extensions><gpxtpx:TrackPointExtension><gpxtpx:hr>181</gpxtpx:hr></gpxtpx:TrackPointExtension></extensions></trkpt>
<trkpt lat="51.512807" lon="-0.131073"><ele>19.1</ele><time>2026-09-27T07:38:33.000Z</time><extensions><gpxtpx:TrackPointExtension><gpxtpx:hr>181</gpxtpx:hr></gpxtpx:TrackPointExtension></extensions></trkpt>
<trkpt lat="51.512823" lon="-0.131173"><ele>19.3</ele><time>2026-09-27T07:38:35.000Z</time><extensions><gpxtpx:TrackPointExtension><gpxtpx:hr>181</gpxtpx:hr></gpxtpx:TrackPointExtension></extensions></trkpt>
<trkpt lat="51.512839" lon="-0.131273"><ele>19.4</ele><time>2026-09-27T07:38:37.000Z</time><extensions><gpxtpx:TrackPointExtension><gpxtpx:hr>181</gpxtpx:hr></gpxtpx:TrackPointExtension></extensions></trkpt>
<trkpt lat="51.512855" lon="-0.131375"><ele>19.6</ele><time>2026-09-27T07:38:39.000Z</time><extensions><gpxtpx:TrackPointExtension><gpxtpx:hr>181</gpxtpx:hr></gpxtpx:TrackPointExtension></extensions></trkpt>
<trkpt lat="51.512870" lon="-0.131478"><ele>19.7</ele><time>2026-09-27T07:38:42.000Z</time><extensions><gpxtpx:TrackPointExtension><gpxtpx:hr>181</gpxtpx:hr></gpxtpx:TrackPointExtension></extensions></trkpt>
<trkpt lat="51.512885" lon="-0.131582"><ele>19.9</ele><time>2026-09-27T07:38:44.000Z</time><extensions><gpxtpx:TrackPointExtension><gpxtpx:hr>182</gpxtpx:hr></gpxtpx:TrackPointExtension></extensions></trkpt>
<trkpt lat="51.512900" lon="-0.131686"><ele>20.1</ele><time>2026-09-27T07:38:46.000Z</time><extensions><gpxtpx:TrackPointExtension><gpxtpx:hr>182</gpxtpx:hr></gpxtpx:TrackPointExtension></extensions></trkpt>
<trkpt lat="51.512914" lon="-0.131792"><ele>20.3</ele><time>2026-09-27T07:38:49.000Z</time><extensions><gpxtpx:TrackPointExtension><gpxtpx:hr>182</gpxtpx:hr></gpxtpx:TrackPointExtension></extensions></trkpt>
<trkpt lat="51.512928" lon="-0.131898"><ele>20.4</ele><time>2026-09-27T07:38:51.000Z</time><extensions><gpxtpx:TrackPointExtension><gpxtpx:hr>182</gpxtpx:hr></gpxtpx:TrackPointExtension></extensions></trkpt>
<trkpt lat="51.512942" lon="-0.132006"><ele>20.6</ele><time>2026-09-27T07:38:53.000Z</time><extensions><gpxtpx:TrackPointExtension><gpxtpx:hr>181</gpxtpx:hr></gpxtpx:TrackPointExtension></extensions></trkpt>
<trkpt lat="51.512955" lon="-0.132114"><ele>20.8</ele><time>2026-09-27T07:38:56.000Z</time><extensions><gpxtpx:TrackPointExtension><gpxtpx:hr>181</gpxtpx:hr></gpxtpx:TrackPointExtension></extensions></trkpt>
<trkpt lat="51.512967" lon="-0.132224"><ele>20.9</ele><time>2026-09-27T07:38:58.000Z</time><extensions><gpxtpx:TrackPointExtension><gpxtpx:hr>181</gpxtpx:hr></gpxtpx:TrackPointExtension></extensions></trkpt>
<trkpt lat="51.512979" lon="-0.132334"><ele>21.1</ele><time>2026-09-27T07:39:01.000Z</time><extensions><gpxtpx:TrackPointExtension><gpxtpx:hr>181</gpxtpx:hr></gpxtpx:TrackPointExtension></extensions></trkpt>
<trkpt lat="51.512990" lon="-0.132445"><ele>21.3</ele><time>2026-09-27T07:39:03.000Z</time><extensions><gpxtpx:TrackPointExtension><gpxtpx:hr>181</gpxtpx:hr></gpxtpx:TrackPointExtension></extensions></trkpt>
<trkpt lat="51.513000" lon="-0.132557"><ele>21.4</ele><time>2026-09-27T07:39:06.000Z</time><extensions><gpxtpx:TrackPointExtension><gpxtpx:hr>181</gpxtpx:hr></gpxtpx:TrackPointExtension></extensions></trkpt>
<trkpt lat="51.513010" lon="-0.132669"><ele>21.6</ele><time>2026-09-27T07:39:08.000Z</time><extensions><gpxtpx:TrackPointExtension><gpxtpx:hr>181</gpxtpx:hr></gpxtpx:TrackPointExtension></extensions></trkpt>
<trkpt lat="51.513019" lon="-0.132783"><ele>21.7</ele><time>2026-09-27T07:39:10.000Z</time><extensions><gpxtpx:TrackPointExtension><gpxtpx:hr>181</gpxtpx:hr></gpxtpx:TrackPointExtension></extensions></trkpt>
<trkpt lat="51.513028" lon="-0.132897"><ele>21.9</ele><time>2026-09-27T07:39:13.000Z</time><extensions><gpxtpx:TrackPointExtension><gpxtpx:hr>180</gpxtpx:hr></gpxtpx:TrackPointExtension></extensions></trkpt>
<trkpt lat="51.513035" lon="-0.133012"><ele>22.0</ele><time>2026-09-27T07:39:16.000Z</time><extensions><gpxtpx:TrackPointExtension><gpxtpx:hr>180</gpxtpx:hr></gpxtpx:TrackPointExtension></extensions></trkpt>
<trkpt lat="51.513042" lon="-0.133127"><ele>22.1</ele><time>2026-09-27T07:39:18.000Z</time><extensions><gpxtpx:TrackPointExtension><gpxtpx:hr>180</gpxtpx:hr></gpxtpx:TrackPointExtension></extensions></trkpt>
<trkpt lat="51.513048" lon="-0.133243"><ele>22.2</ele><time>2026-09-27T07:39:21.000Z</time><extensions><gpxtpx:TrackPointExtension><gpxtpx:hr>180</gpxtpx:hr></gpxtpx:TrackPointExtension></extensions></trkpt>
<trkpt lat="51.513053" lon="-0.133360"><ele>22.3</ele><time>2026-09-27T07:39:23.000Z</time><extensions><gpxtpx:TrackPointExtension><gpxtpx:hr>179</gpxtpx:hr></gpxtpx:TrackPointExtension></extensions></trkpt>
<trkpt lat="51.513057" lon="-0.133477"><ele>22.4</ele><time>2026-09-27T07:39:26.000Z</time><extensions><gpxtpx:TrackPointExtension><gpxtpx:hr>179</gpxtpx:hr></gpxtpx:TrackPointExtension></extensions></trkpt>
<trkpt lat="51.513061" lon="-0.133594"><ele>22.5</ele><time>2026-09-27T07:39:28.000Z</time><extensions><gpxtpx:TrackPointExtension><gpxtpx:hr>179</gpxtpx:hr></gpxtpx:TrackPointExtension></extensions></trkpt>
<trkpt lat="51.513063" lon="-0.133712"><ele>22.5</ele><time>2026-09-27T07:39:31.000Z</time><extensions><gpxtpx:TrackPointExtension><gpxtpx:hr>178</gpxtpx:hr></gpxtpx:TrackPointExtension></extensions></trkpt>
<trkpt lat="51.513064" lon="-0.133830"><ele>22.6</ele><time>2026-09-27T07:39:34.000Z</time><extensions><gpxtpx:TrackPointExtension><gpxtpx:hr>178</gpxtpx:hr></gpxtpx:TrackPointExtension></extensions></trkpt>
<trkpt lat="51.513064" lon="-0.133949"><ele>22.6</ele><time>2026-09-27T07:39:36.000Z</time><extensions><gpxtpx:TrackPointExtension><gpxtpx:hr>177</gpxtpx:hr></gpxtpx:TrackPointExtension></extensions></trkpt>
<trkpt lat="51.513063" lon="-0.134068"><ele>22.7</ele><time>2026-09-27T07:39:39.000Z</time><extensions><gpxtpx:TrackPointExtension><gpxtpx:hr>177</gpxtpx:hr></gpxtpx:TrackPointExtension></extensions></trkpt>
<trkpt lat="51.513061" lon="-0.134187"><ele>22.7</ele><time>2026-09-27T07:39:42.000Z</time><extensions><gpxtpx:TrackPointExtension><gpxtpx:hr>177</gpxtpx:hr></gpxtpx:TrackPointExtension></extensions></trkpt>
<trkpt lat="51.513058" lon="-0.134306"><ele>22.7</ele><time>2026-09-27T07:39:44.000Z</time><extensions><gpxtpx:TrackPointExtension><gpxtpx:hr>176</gpxtpx:hr></gpxtpx:TrackPointExtension></extensions></trkpt>
<trkpt lat="51.513054" lon="-0.134426"><ele>22.6</ele><time>2026-09-27T07:39:47.000Z</time><extensions><gpxtpx:TrackPointExtension><gpxtpx:hr>176</gpxtpx:hr></gpxtpx:TrackPointExtension></extensions></trkpt>
<trkpt lat="51.513049" lon="-0.134545"><ele>22.6</ele><time>2026-09-27T07:39:50.000Z</time><extensions><gpxtpx:TrackPointExtension><gpxtpx:hr>175</gpxtpx:hr></gpxtpx:TrackPointExtension></extensions></trkpt>
<trkpt lat="51.513042" lon="-0.134665"><ele>22.5</ele><time>2026-09-27T07:39:52.000Z</time><extensions><gpxtpx:TrackPointExtension><gpxtpx:hr>175</gpxtpx:hr></gpxtpx:TrackPointExtension></extensions></trkpt>
<trkpt lat="51.513035" lon="-0.134784"><ele>22.5</ele><time>2026-09-27T07:39:55.000Z</time><extensions><gpxtpx:TrackPointExtension><gpxtpx:hr>174</gpxtpx:hr></gpxtpx:TrackPointExtension></extensions></trkpt>
<trkpt lat="51.513026" lon="-0.134904"><ele>22.4</ele><time>2026-09-27T07:39:58.000Z</time><extensions><gpxtpx:TrackPointExtension><gpxtpx:hr>174</gpxtpx:hr></gpxtpx:TrackPointExtension></extensions></trkpt>
<trkpt lat="51.513016" lon="-0.135023"><ele>22.3</ele><time>2026-09-27T07:40:01.000Z</time><extensions><gpxtpx:TrackPointExtension><gpxtpx:hr>173</gpxtpx:hr></gpxtpx:TrackPointExtension></extensions></trkpt>
<trkpt lat="51.513004" lon="-0.135142"><ele>22.2</ele><time>2026-09-27T07:40:03.000Z</time><extensions><gpxtpx:TrackPointExtension><gpxtpx:hr>173</gpxtpx:hr></gpxtpx:TrackPointExtension></extensions></trkpt>
<trkpt lat="51.512991" lon="-0.135261"><ele>22.0</ele><time>2026-09-27T07:40:06.000Z</time><extensions><gpxtpx:TrackPointExtension><gpxtpx:hr>172</gpxtpx:hr></gpxtpx:TrackPointExtension></extensions></trkpt>
<trkpt lat="51.512977" lon="-0.135379"><ele>21.9</ele><time>2026-09-27T07:40:09.000Z</time><extensions><gpxtpx:TrackPointExtension><gpxtpx:hr>172</gpxtpx:hr></gpxtpx:TrackPointExtension></extensions></trkpt>
<trkpt lat="51.512962" lon="-0.135497"><ele>21.7</ele><time>2026-09-27T07:40:12.000Z</time><extensions><gpxtpx:TrackPointExtension><gpxtpx:hr>171</gpxtpx:hr></gpxtpx:TrackPointExtension></extensions></trkpt>
<trkpt lat="51.512946" lon="-0.135614"><ele>21.6</ele><time>2026-09-27T07:40:14.000Z</time><extensions><gpxtpx:TrackPointExtension><gpxtpx:hr>170</gpxtpx:hr></gpxtpx:TrackPointExtension></extensions></trkpt>
<trkpt lat="51.512928" lon="-0.135731"><ele>21.4</ele><time>2026-09-27T07:40:17.000Z</time><extensions><gpxtpx:TrackPointExtension><gpxtpx:hr>170</gpxtpx:hr></gpxtpx:TrackPointExtension></extensions></trkpt>
<trkpt lat="51.512908" lon="-0.135848"><ele>21.2</ele><time>2026-09-27T07:40:20.000Z</time><extensions><gpxtpx:TrackPointExtension><gpxtpx:hr>169</gpxtpx:hr></gpxtpx:TrackPointExtension></extensions></trkpt>
<trkpt lat="51.512888" lon="-0.135964"><ele>21.0</ele><time>2026-09-27T07:40:23.000Z</time><extensions><gpxtpx:TrackPointExtension><gpxtpx:hr>169</gpxtpx:hr></gpxtpx:TrackPointExtension></extensions></trkpt>
<trkpt lat="51.512866" lon="-0.136079"><ele>20.8</ele><time>2026-09-27T07:40:26.000Z</time><extensions><gpxtpx:TrackPointExtension><gpxtpx:hr>168</gpxtpx:hr></gpxtpx:TrackPointExtension></extensions></trkpt>
<trkpt lat="51.512843" lon="-0.136193"><ele>20.5</ele><time>2026-09-27T07:40:29.000Z</time><extensions><gpxtpx:TrackPointExtension><gpxtpx:hr>167</gpxtpx:hr></gpxtpx:TrackPointExtension></extensions></trkpt>
<trkpt lat="51.512818" lon="-0.136306"><ele>20.3</ele><time>2026-09-27T07:40:31.000Z</time><extensions><gpxtpx:TrackPointExtension><gpxtpx:hr>167</gpxtpx:hr></gpxtpx:TrackPointExtension></extensions></trkpt>
<trkpt lat="51.512792" lon="-0.136419"><ele>20.0</ele><time>2026-09-27T07:40:34.000Z</time><extensions><gpxtpx:TrackPointExtension><gpxtpx:hr>166</gpxtpx:hr></gpxtpx:TrackPointExtension></extensions></trkpt>
<trkpt lat="51.512764" lon="-0.136530"><ele>19.8</ele><time>2026-09-27T07:40:37.000Z</time><extensions><gpxtpx:TrackPointExtension><gpxtpx:hr>166</gpxtpx:hr></gpxtpx:TrackPointExtension></extensions></trkpt>
<trkpt lat="51.512736" lon="-0.136641"><ele>19.5</ele><time>2026-09-27T07:40:40.000Z</time><extensions><gpxtpx:TrackPointExtension><gpxtpx:hr>165</gpxtpx:hr></gpxtpx:TrackPointExtension></extensions></trkpt>
<trkpt lat="51.512705" lon="-0.136750"><ele>19.2</ele><time>2026-09-27T07:40:43.000Z</time><extensions><gpxtpx:TrackPointExtension><gpxtpx:hr>164</gpxtpx:hr></gpxtpx:TrackPointExtension></extensions></trkpt>
<trkpt lat="51.512674" lon="-0.136858"><ele>18.9</ele><time>2026-09-27T07:40:46.000Z</time><extensions><gpxtpx:TrackPointExtension><gpxtpx:hr>164</gpxtpx:hr></gpxtpx:TrackPointExtension></extensions></trkpt>
<trkpt lat="51.512641" lon="-0.136965"><ele>18.7</ele><time>2026-09-27T07:40:48.000Z</time><extensions><gpxtpx:TrackPointExtension><gpxtpx:hr>163</gpxtpx:hr></gpxtpx:TrackPointExtension></extensions></trkpt>
<trkpt lat="51.512607" lon="-0.137071"><ele>18.4</ele><time>2026-09-27T07:40:51.000Z</time><extensions><gpxtpx:TrackPointExtension><gpxtpx:hr>163</gpxtpx:hr></gpxtpx:TrackPointExtension></extensions></trkpt>
<trkpt lat="51.512571" lon="-0.137176"><ele>18.1</ele><time>2026-09-27T07:40:54.000Z</time><extensions><gpxtpx:TrackPointExtension><gpxtpx:hr>162</gpxtpx:hr></gpxtpx:TrackPointExtension></extensions></trkpt>
<trkpt lat="51.512534" lon="-0.137278"><ele>17.8</ele><time>2026-09-27T07:40:57.000Z</time><extensions><gpxtpx:TrackPointExtension><gpxtpx:hr>161</gpxtpx:hr></gpxtpx:TrackPointExtension></extensions></trkpt>
<trkpt lat="51.512496" lon="-0.137380"><ele>17.5</ele><time>2026-09-27T07:41:00.000Z</time><extensions><gpxtpx:TrackPointExtension><gpxtpx:hr>161</gpxtpx:hr></gpxtpx:TrackPointExtension></extensions></trkpt>
<trkpt lat="51.512456" lon="-0.137480"><ele>17.2</ele><time>2026-09-27T07:41:03.000Z</time><extensions><gpxtpx:TrackPointExtension><gpxtpx:hr>160</gpxtpx:hr></gpxtpx:TrackPointExtension></extensions></trkpt>
<trkpt lat="51.512415" lon="-0.137578"><ele>16.9</ele><time>2026-09-27T07:41:06.000Z</time><extensions><gpxtpx:TrackPointExtension><gpxtpx:hr>160</gpxtpx:hr></gpxtpx:TrackPointExtension></extensions></trkpt>
<trkpt lat="51.512373" lon="-0.137675"><ele>16.6</ele><time>2026-09-27T07:41:09.000Z</time><extensions><gpxtpx:TrackPointExtension><gpxtpx:hr>159</gpxtpx:hr></gpxtpx:TrackPointExtension></extensions></trkpt>
<trkpt lat="51.512330" lon="-0.137770"><ele>16.3</ele><time>2026-09-27T07:41:12.000Z</time><extensions><gpxtpx:TrackPointExtension><gpxtpx:hr>158</gpxtpx:hr></gpxtpx:TrackPointExtension></extensions></trkpt>
<trkpt lat="51.512285" lon="-0.137864"><ele>16.0</ele><time>2026-09-27T07:41:15.000Z</time><extensions><gpxtpx:TrackPointExtension><gpxtpx:hr>158</gpxtpx:hr></gpxtpx:TrackPointExtension></extensions></trkpt>
<trkpt lat="51.512239" lon="-0.137955"><ele>15.7</ele><time>2026-09-27T07:41:17.000Z</time><extensions><gpxtpx:TrackPointExtension><gpxtpx:hr>157</gpxtpx:hr></gpxtpx:TrackPointExtension></extensions></trkpt>
<trkpt lat="51.512191" lon="-0.138045"><ele>15.5</ele><time>2026-09-27T07:41:20.000Z</time><extensions><gpxtpx:TrackPointExtension><gpxtpx:hr>157</gpxtpx:hr></gpxtpx:TrackPointExtension></extensions></trkpt>
<trkpt lat="51.512143" lon="-0.138132"><ele>15.2</ele><time>2026-09-27T07:41:23.000Z</time><extensions><gpxtpx:TrackPointExtension><gpxtpx:hr>156</gpxtpx:hr></gpxtpx:TrackPointExtension></extensions></trkpt>
<trkpt lat="51.512093" lon="-0.138218"><ele>15.0</ele><time>2026-09-27T07:41:26.000Z</time><extensions><gpxtpx:TrackPointExtension><gpxtpx:hr>156</gpxtpx:hr></gpxtpx:TrackPointExtension></extensions></trkpt>
<trkpt lat="51.512042" lon="-0.138302"><ele>14.7</ele><time>2026-09-27T07:41:29.000Z</time><extensions><gpxtpx:TrackPointExtension><gpxtpx:hr>155</gpxtpx:hr></gpxtpx:TrackPointExtension></extensions></trkpt>
<trkpt lat="51.511990" lon="-0.138384"><ele>14.5</ele><time>2026-09-27T07:41:32.000Z</time><extensions><gpxtpx:TrackPointExtension><gpxtpx:hr>155</gpxtpx:hr></gpxtpx:TrackPointExtension></extensions></trkpt>
<trkpt lat="51.511936" lon="-0.138463"><ele>14.3</ele><time>2026-09-27T07:41:35.000Z</time><extensions><gpxtpx:TrackPointExtension><gpxtpx:hr>154</gpxtpx:hr></gpxtpx:TrackPointExtension></extensions></trkpt>
<trkpt lat="51.511882" lon="-0.138541"><ele>14.0</ele><time>2026-09-27T07:41:38.000Z</time><extensions><gpxtpx:TrackPointExtension><gpxtpx:hr>154</gpxtpx:hr></gpxtpx:TrackPointExtension></extensions></trkpt>
<trkpt lat="51.511827" lon="-0.138616"><ele>13.8</ele><time>2026-09-27T07:41:41.000Z</time><extensions><gpxtpx:TrackPointExtension><gpxtpx:hr>153</gpxtpx:hr></gpxtpx:TrackPointExtension></extensions></trkpt>
<trkpt lat="51.511770" lon="-0.138689"><ele>13.7</ele><time>2026-09-27T07:41:44.000Z</time><extensions><gpxtpx:TrackPointExtension><gpxtpx:hr>153</gpxtpx:hr></gpxtpx:TrackPointExtension></extensions></trkpt>
<trkpt lat="51.511712" lon="-0.138760"><ele>13.5</ele><time>2026-09-27T07:41:47.000Z</time><extensions><gpxtpx:TrackPointExtension><gpxtpx:hr>153</gpxtpx:hr></gpxtpx:TrackPointExtension></extensions></trkpt>
<trkpt lat="51.511654" lon="-0.138828"><ele>13.4</ele><time>2026-09-27T07:41:50.000Z</time><extensions><gpxtpx:TrackPointExtension><gpxtpx:hr>152</gpxtpx:hr></gpxtpx:TrackPointExtension></extensions></trkpt>
<trkpt lat="51.511594" lon="-0.138894"><ele>13.2</ele><time>2026-09-27T07:41:53.000Z</time><extensions><gpxtpx:TrackPointExtension><gpxtpx:hr>152</gpxtpx:hr></gpxtpx:TrackPointExtension></extensions></trkpt>
<trkpt lat="51.511533" lon="-0.138958"><ele>13.1</ele><time>2026-09-27T07:41:56.000Z</time><extensions><gpxtpx:TrackPointExtension><gpxtpx:hr>151</gpxtpx:hr></gpxtpx:TrackPointExtension></extensions></trkpt>
<trkpt lat="51.511472" lon="-0.139019"><ele>13.0</ele><time>2026-09-27T07:41:59.000Z</time><extensions><gpxtpx:TrackPointExtension><gpxtpx:hr>151</gpxtpx:hr></gpxtpx:TrackPointExtension></extensions></trkpt>
<trkpt lat="51.511409" lon="-0.139078"><ele>12.9</ele><time>2026-09-27T07:42:02.000Z</time><extensions><gpxtpx:TrackPointExtension><gpxtpx:hr>151</gpxtpx:hr></gpxtpx:TrackPointExtension></extensions></trkpt>
<trkpt lat="51.511346" lon="-0.139134"><ele>12.9</ele><time>2026-09-27T07:42:05.000Z</time><extensions><gpxtpx:TrackPointExtension><gpxtpx:hr>151</gpxtpx:hr></gpxtpx:TrackPointExtension></extensions></trkpt>
<trkpt lat="51.511281" lon="-0.139188"><ele>12.9</ele><time>2026-09-27T07:42:08.000Z</time><extensions><gpxtpx:TrackPointExtension><gpxtpx:hr>150</gpxtpx:hr></gpxtpx:TrackPointExtension></extensions></trkpt>
<trkpt lat="51.511216" lon="-0.139239"><ele>12.8</ele><time>2026-09-27T07:42:11.000Z</time><extensions><gpxtpx:TrackPointExtension><gpxtpx:hr>150</gpxtpx:hr></gpxtpx:TrackPointExtension></extensions></trkpt>
<trkpt lat="51.511151" lon="-0.139288"><ele>12.9</ele><time>2026-09-27T07:42:14.000Z</time><extensions><gpxtpx:TrackPointExtension><gpxtpx:hr>150</gpxtpx:hr></gpxtpx:TrackPointExtension></extensions></trkpt>
<trkpt lat="51.511084" lon="-0.139334"><ele>12.9</ele><time>2026-09-27T07:42:17.000Z</time><extensions><gpxtpx:TrackPointExtension><gpxtpx:hr>150</gpxtpx:hr></gpxtpx:TrackPointExtension></extensions></trkpt>
<trkpt lat="51.511017" lon="-0.139377"><ele>12.9</ele><time>2026-09-27T07:42:20.000Z</time><extensions><gpxtpx:TrackPointExtension><gpxtpx:hr>149</gpxtpx:hr></gpxtpx:TrackPointExtension></extensions></trkpt>
<trkpt lat="51.510949" lon="-0.139418"><ele>13.0</ele><time>2026-09-27T07:42:23.000Z</time><extensions><gpxtpx:TrackPointExtension><gpxtpx:hr>149</gpxtpx:hr></gpxtpx:TrackPointExtension></extensions></trkpt>
<trkpt lat="51.510880" lon="-0.139456"><ele>13.1</ele><time>2026-09-27T07:42:26.000Z</time><extensions><gpxtpx:TrackPointExtension><gpxtpx:hr>149</gpxtpx:hr></gpxtpx:TrackPointExtension></extensions></trkpt>
<trkpt lat="51.510811" lon="-0.139492"><ele>13.2</ele><time>2026-09-27T07:42:29.000Z</time><extensions><gpxtpx:TrackPointExtension><gpxtpx:hr>149</gpxtpx:hr></gpxtpx:TrackPointExtension></extensions></trkpt>
<trkpt lat="51.510741" lon="-0.139525"><ele>13.4</ele><time>2026-09-27T07:42:32.000Z</time><extensions><gpxtpx:TrackPointExtension><gpxtpx:hr>149</gpxtpx:hr></gpxtpx:TrackPointExtension></extensions></trkpt>
<trkpt lat="51.510671" lon="-0.139555"><ele>13.5</ele><time>2026-09-27T07:42:35.000Z</time><extensions><gpxtpx:TrackPointExtension><gpxtpx:hr>149</gpxtpx:hr></gpxtpx:TrackPointExtension></extensions></trkpt>
<trkpt lat="51.510600" lon="-0.139582"><ele>13.7</ele><time>2026-09-27T07:42:39.000Z</time><extensions><gpxtpx:TrackPointExtension><gpxtpx:hr>149</gpxtpx:hr></gpxtpx:TrackPointExtension></extensions></trkpt>
<trkpt lat="51.510529" lon="-0.139607"><ele>13.9</ele><time>2026-09-27T07:42:42.000Z</time><extensions><gpxtpx:TrackPointExtension><gpxtpx:hr>149</gpxtpx:hr></gpxtpx:TrackPointExtension></extensions></trkpt>
<trkpt lat="51.510457" lon="-0.139629"><ele>14.2</ele><time>2026-09-27T07:42:45.000Z</time><extensions><gpxtpx:TrackPointExtension><gpxtpx:hr>149</gpxtpx:hr></gpxtpx:TrackPointExtension></extensions></trkpt>
<trkpt lat="51.510385" lon="-0.139649"><ele>14.4</ele><time>2026-09-27T07:42:48.000Z</time><extensions><gpxtpx:TrackPointExtension><gpxtpx:hr>149</gpxtpx:hr></gpxtpx:TrackPointExtension></extensions></trkpt>
<trkpt lat="51.510313" lon="-0.139666"><ele>14.7</ele><time>2026-09-27T07:42:51.000Z</time><extensions><gpxtpx:TrackPointExtension><gpxtpx:hr>149</gpxtpx:hr></gpxtpx:TrackPointExtension></extensions></trkpt>
<trkpt lat="51.510240" lon="-0.139680"><ele>15.0</ele><time>2026-09-27T07:42:54.000Z</time><extensions><gpxtpx:TrackPointExtension><gpxtpx:hr>149</gpxtpx:hr></gpxtpx:TrackPointExtension></extensions></trkpt>
<trkpt lat="51.510167" lon="-0.139692"><ele>15.3</ele><time>2026-09-27T07:42:57.000Z</time><extensions><gpxtpx:TrackPointExtension><gpxtpx:hr>149</gpxtpx:hr></gpxtpx:TrackPointExtension></extensions></trkpt>
<trkpt lat="51.510094" lon="-0.139700"><ele>15.7</ele><time>2026-09-27T07:43:00.000Z</time><extensions><gpxtpx:TrackPointExtension><gpxtpx:hr>149</gpxtpx:hr></gpxtpx:TrackPointExtension></extensions></trkpt>
<trkpt lat="51.510020" lon="-0.139707"><ele>16.1</ele><time>2026-09-27T07:43:03.000Z</time><extensions><gpxtpx:TrackPointExtension><gpxtpx:hr>149</gpxtpx:hr></gpxtpx:TrackPointExtension></extensions></trkpt>
<trkpt lat="51.509947" lon="-0.139710"><ele>16.4</ele><time>2026-09-27T07:43:06.000Z</time><extensions><gpxtpx:TrackPointExtension><gpxtpx:hr>149</gpxtpx:hr></gpxtpx:TrackPointExtension></extensions></trkpt>
<trkpt lat="51.509873" lon="-0.139711"><ele>16.8</ele><time>2026-09-27T07:43:10.000Z</time><extensions><gpxtpx:TrackPointExtension><gpxtpx:hr>149</gpxtpx:hr></gpxtpx:TrackPointExtension></extensions></trkpt>
<trkpt lat="51.509799" lon="-0.139710"><ele>17.3</ele><time>2026-09-27T07:43:13.000Z</time><extensions><gpxtpx:TrackPointExtension><gpxtpx:hr>149</gpxtpx:hr></gpxtpx:TrackPointExtension></extensions></trkpt>
<trkpt lat="51.509725" lon="-0.139705"><ele>17.7</ele><time>2026-09-27T07:43:16.000Z</time><extensions><gpxtpx:TrackPointExtension><gpxtpx:hr>150</gpxtpx:hr></gpxtpx:TrackPointExtension></extensions></trkpt>
<trkpt lat="51.509651" lon="-0.139699"><ele>18.2</ele><time>2026-09-27T07:43:19.000Z</time><extensions><gpxtpx:TrackPointExtension><gpxtpx:hr>150</gpxtpx:hr></gpxtpx:TrackPointExtension></extensions></trkpt>
<trkpt lat="51.509578" lon="-0.139689"><ele>18.6</ele><time>2026-09-27T07:43:22.000Z</time><extensions><gpxtpx:TrackPointExtension><gpxtpx:hr>150</gpxtpx:hr></gpxtpx:TrackPointExtension></extensions></trkpt>
<trkpt lat="51.509504" lon="-0.139678"><ele>19.1</ele><time>2026-09-27T07:43:25.000Z</time><extensions><gpxtpx:TrackPointExtension><gpxtpx:hr>150</gpxtpx:hr></gpxtpx:TrackPointExtension></extensions></trkpt>
<trkpt lat="51.509430" lon="-0.139663"><ele>19.6</ele><time>2026-09-27T07:43:28.000Z</time><extensions><gpxtpx:TrackPointExtension><gpxtpx:hr>151</gpxtpx:hr></gpxtpx:TrackPointExtension></extensions></trkpt>
<trkpt lat="51.509356" lon="-0.139647"><ele>20.1</ele><time>2026-09-27T07:43:31.000Z</time><extensions><gpxtpx:TrackPointExtension><gpxtpx:hr>151</gpxtpx:hr></gpxtpx:TrackPointExtension></extensions></trkpt>
<trkpt lat="51.509283" lon="-0.139628"><ele>20.6</ele><time>2026-09-27T07:43:35.000Z</time><extensions><gpxtpx:TrackPointExtension><gpxtpx:hr>151</gpxtpx:hr></gpxtpx:TrackPointExtension></extensions></trkpt>
<trkpt lat="51.509210" lon="-0.139606"><ele>21.2</ele><time>2026-09-27T07:43:38.000Z</time><extensions><gpxtpx:TrackPointExtension><gpxtpx:hr>152</gpxtpx:hr></gpxtpx:TrackPointExtension></extensions></trkpt>
<trkpt lat="51.509136" lon="-0.139582"><ele>21.7</ele><time>2026-09-27T07:43:41.000Z</time><extensions><gpxtpx:TrackPointExtension><gpxtpx:hr>152</gpxtpx:hr></gpxtpx:TrackPointExtension></extensions></trkpt>
<trkpt lat="51.509064" lon="-0.139556"><ele>22.3</ele><time>2026-09-27T07:43:44.000Z</time><extensions><gpxtpx:TrackPointExtension><gpxtpx:hr>152</gpxtpx:hr></gpxtpx:TrackPointExtension></extensions></trkpt>
<trkpt lat="51.508991" lon="-0.139528"><ele>22.8</ele><time>2026-09-27T07:43:47.000Z</time><extensions><gpxtpx:TrackPointExtension><gpxtpx:hr>153</gpxtpx:hr></gpxtpx:TrackPointExtension></extensions></trkpt>
<trkpt lat="51.508919" lon="-0.139497"><ele>23.4</ele><time>2026-09-27T07:43:50.000Z</time><extensions><gpxtpx:TrackPointExtension><gpxtpx:hr>153</gpxtpx:hr></gpxtpx:TrackPointExtension></extensions></trkpt>
<trkpt lat="51.508847" lon="-0.139465"><ele>24.0</ele><time>2026-09-27T07:43:53.000Z</time><extensions><gpxtpx:TrackPointExtension><gpxtpx:hr>154</gpxtpx:hr></gpxtpx:TrackPointExtension></extensions></trkpt>
<trkpt lat="51.508775" lon="-0.139430"><ele>24.5</ele><time>2026-09-27T07:43:56.000Z</time><extensions><gpxtpx:TrackPointExtension><gpxtpx:hr>154</gpxtpx:hr></gpxtpx:TrackPointExtension></extensions></trkpt>
<trkpt lat="51.508704" lon="-0.139393"><ele>25.1</ele><time>2026-09-27T07:43:59.000Z</time><extensions><gpxtpx:TrackPointExtension><gpxtpx:hr>155</gpxtpx:hr></gpxtpx:TrackPointExtension></extensions></trkpt>
<trkpt lat="51.508634" lon="-0.139354"><ele>25.7</ele><time>2026-09-27T07:44:03.000Z</time><extensions><gpxtpx:TrackPointExtension><gpxtpx:hr>155</gpxtpx:hr></gpxtpx:TrackPointExtension></extensions></trkpt>
<trkpt lat="51.508563" lon="-0.139313"><ele>26.3</ele><time>2026-09-27T07:44:06.000Z</time><extensions><gpxtpx:TrackPointExtension><gpxtpx:hr>156</gpxtpx:hr></gpxtpx:TrackPointExtension></extensions></trkpt>
<trkpt lat="51.508494" lon="-0.139270"><ele>26.9</ele><time>2026-09-27T07:44:09.000Z</time><extensions><gpxtpx:TrackPointExtension><gpxtpx:hr>156</gpxtpx:hr></gpxtpx:TrackPointExtension></extensions></trkpt>
<trkpt lat="51.508424" lon="-0.139225"><ele>27.4</ele><time>2026-09-27T07:44:12.000Z</time><extensions><gpxtpx:TrackPointExtension><gpxtpx:hr>157</gpxtpx:hr></gpxtpx:TrackPointExtension></extensions></trkpt>
<trkpt lat="51.508356" lon="-0.139179"><ele>28.0</ele><time>2026-09-27T07:44:15.000Z</time><extensions><gpxtpx:TrackPointExtension><gpxtpx:hr>157</gpxtpx:hr></gpxtpx:TrackPointExtension></extensions></trkpt>
<trkpt lat="51.508287" lon="-0.139130"><ele>28.6</ele><time>2026-09-27T07:44:18.000Z</time><extensions><gpxtpx:TrackPointExtension><gpxtpx:hr>158</gpxtpx:hr></gpxtpx:TrackPointExtension></extensions></trkpt>
<trkpt lat="51.508220" lon="-0.139080"><ele>29.1</ele><time>2026-09-27T07:44:21.000Z</time><extensions><gpxtpx:TrackPointExtension><gpxtpx:hr>158</gpxtpx:hr></gpxtpx:TrackPointExtension></extensions></trkpt>
<trkpt lat="51.508153" lon="-0.139028"><ele>29.7</ele><time>2026-09-27T07:44:24.000Z</time><extensions><gpxtpx:TrackPointExtension><gpxtpx:hr>159</gpxtpx:hr></gpxtpx:TrackPointExtension></extensions></trkpt>
<trkpt lat="51.508086" lon="-0.138975"><ele>30.2</ele><time>2026-09-27T07:44:27.000Z</time><extensions><gpxtpx:TrackPointExtension><gpxtpx:hr>160</gpxtpx:hr></gpxtpx:TrackPointExtension></extensions></trkpt>
<trkpt lat="51.508021" lon="-0.138920"><ele>30.8</ele><time>2026-09-27T07:44:30.000Z</time><extensions><gpxtpx:TrackPointExtension><gpxtpx:hr>160</gpxtpx:hr></gpxtpx:TrackPointExtension></extensions></trkpt>
<trkpt lat="51.507955" lon="-0.138864"><ele>31.3</ele><time>2026-09-27T07:44:33.000Z</time><extensions><gpxtpx:TrackPointExtension><gpxtpx:hr>161</gpxtpx:hr></gpxtpx:TrackPointExtension></extensions></trkpt>
<trkpt lat="51.507891" lon="-0.138806"><ele>31.8</ele><time>2026-09-27T07:44:36.000Z</time><extensions><gpxtpx:TrackPointExtension><gpxtpx:hr>162</gpxtpx:hr></gpxtpx:TrackPointExtension></extensions></trkpt>
<trkpt lat="51.507827" lon="-0.138747"><ele>32.3</ele><time>2026-09-27T07:44:39.000Z</time><extensions><gpxtpx:TrackPointExtension><gpxtpx:hr>162</gpxtpx:hr></gpxtpx:TrackPointExtension></extensions></trkpt>
<trkpt lat="51.507764" lon="-0.138686"><ele>32.8</ele><time>2026-09-27T07:44:42.000Z</time><extensions><gpxtpx:TrackPointExtension><gpxtpx:hr>163</gpxtpx:hr></gpxtpx:TrackPointExtension></extensions></trkpt>
<trkpt lat="51.507701" lon="-0.138625"><ele>33.3</ele><time>2026-09-27T07:44:45.000Z</time><extensions><gpxtpx:TrackPointExtension><gpxtpx:hr>163</gpxtpx:hr></gpxtpx:TrackPointExtension></extensions></trkpt>
<trkpt lat="51.507640" lon="-0.138562"><ele>33.8</ele><time>2026-09-27T07:44:48.000Z</time><extensions><gpxtpx:TrackPointExtension><gpxtpx:hr>164</gpxtpx:hr></gpxtpx:TrackPointExtension></extensions></trkpt>
<trkpt lat="51.507579" lon="-0.138498"><ele>34.2</ele><time>2026-09-27T07:44:50.000Z</time><extensions><gpxtpx:TrackPointExtension><gpxtpx:hr>165</gpxtpx:hr></gpxtpx:TrackPointExtension></extensions></trkpt>
<trkpt lat="51.507518" lon="-0.138433"><ele>34.7</ele><time>2026-09-27T07:44:53.000Z</time><extensions><gpxtpx:TrackPointExtension><gpxtpx:hr>165</gpxtpx:hr></gpxtpx:TrackPointExtension></extensions></trkpt>
<trkpt lat="51.507459" lon="-0.138367"><ele>35.1</ele><time>2026-09-27T07:44:56.000Z</time><extensions><gpxtpx:TrackPointExtension><gpxtpx:hr>166</gpxtpx:hr></gpxtpx:TrackPointExtension></extensions></trkpt>
<trkpt lat="51.507400" lon="-0.138300"><ele>35.5</ele><time>2026-09-27T07:44:59.000Z</time><extensions><gpxtpx:TrackPointExtension><gpxtpx:hr>167</gpxtpx:hr></gpxtpx:TrackPointExtension></extensions></trkpt>
<trkpt lat="51.507342" lon="-0.138232"><ele>35.9</ele><time>2026-09-27T07:45:02.000Z</time><extensions><gpxtpx:TrackPointExtension><gpxtpx:hr>167</gpxtpx:hr></gpxtpx:TrackPointExtension></extensions></trkpt>
<trkpt lat="51.507285" lon="-0.138164"><ele>36.2</ele><time>2026-09-27T07:45:05.000Z</time><extensions><gpxtpx:TrackPointExtension><gpxtpx:hr>168</gpxtpx:hr></gpxtpx:TrackPointExtension></extensions></trkpt>
<trkpt lat="51.507228" lon="-0.138095"><ele>36.6</ele><time>2026-09-27T07:45:07.000Z</time><extensions><gpxtpx:TrackPointExtension><gpxtpx:hr>169</gpxtpx:hr></gpxtpx:TrackPointExtension></extensions></trkpt>
<trkpt lat="51.507172" lon="-0.138025"><ele>36.9</ele><time>2026-09-27T07:45:10.000Z</time><extensions><gpxtpx:TrackPointExtension><gpxtpx:hr>170</gpxtpx:hr></gpxtpx:TrackPointExtension></extensions></trkpt>
<trkpt lat="51.507117" lon="-0.137954"><ele>37.2</ele><time>2026-09-27T07:45:13.000Z</time><extensions><gpxtpx:TrackPointExtension><gpxtpx:hr>170</gpxtpx:hr></gpxtpx:TrackPointExtension></extensions></trkpt>
<trkpt lat="51.507063" lon="-0.137883"><ele>37.5</ele><time>2026-09-27T07:45:16.000Z</time><extensions><gpxtpx:TrackPointExtension><gpxtpx:hr>171</gpxtpx:hr></gpxtpx:TrackPointExtension></extensions></trkpt>
<trkpt lat="51.507009" lon="-0.137812"><ele>37.8</ele><time>2026-09-27T07:45:18.000Z</time><extensions><gpxtpx:TrackPointExtension><gpxtpx:hr>172</gpxtpx:hr></gpxtpx:TrackPointExtension></extensions></trkpt>
<trkpt lat="51.506957" lon="-0.137740"><ele>38.0</ele><time>2026-09-27T07:45:21.000Z</time><extensions><gpxtpx:TrackPointExtension><gpxtpx:hr>172</gpxtpx:hr></gpxtpx:TrackPointExtension></extensions></trkpt>
<trkpt lat="51.506905" lon="-0.137668"><ele>38.2</ele><time>2026-09-27T07:45:24.000Z</time><extensions><gpxtpx:TrackPointExtension><gpxtpx:hr>173</gpxtpx:hr></gpxtpx:TrackPointExtension></extensions></trkpt>
<trkpt lat="51.506853" lon="-0.137595"><ele>38.4</ele><time>2026-09-27T07:45:26.000Z</time><extensions><gpxtpx:TrackPointExtension><gpxtpx:hr>174</gpxtpx:hr></gpxtpx:TrackPointExtension></extensions></trkpt>
<trkpt lat="51.506803" lon="-0.137523"><ele>38.6</ele><time>2026-09-27T07:45:29.000Z</time><extensions><gpxtpx:TrackPointExtension><gpxtpx:hr>174</gpxtpx:hr></gpxtpx:TrackPointExtension></extensions></trkpt>
<trkpt lat="51.506753" lon="-0.137450"><ele>38.8</ele><time>2026-09-27T07:45:31.000Z</time><extensions><gpxtpx:TrackPointExtension><gpxtpx:hr>175</gpxtpx:hr></gpxtpx:TrackPointExtension></extensions></trkpt>
<trkpt lat="51.506704" lon="-0.137377"><ele>38.9</ele><time>2026-09-27T07:45:34.000Z</time><extensions><gpxtpx:TrackPointExtension><gpxtpx:hr>175</gpxtpx:hr></gpxtpx:TrackPointExtension></extensions></trkpt>
<trkpt lat="51.506656" lon="-0.137304"><ele>39.1</ele><time>2026-09-27T07:45:36.000Z</time><extensions><gpxtpx:TrackPointExtension><gpxtpx:hr>176</gpxtpx:hr></gpxtpx:TrackPointExtension></extensions></trkpt>
<trkpt lat="51.506608" lon="-0.137231"><ele>39.2</ele><time>2026-09-27T07:45:39.000Z</time><extensions><gpxtpx:TrackPointExtension><gpxtpx:hr>177</gpxtpx:hr></gpxtpx:TrackPointExtension></extensions></trkpt>
<trkpt lat="51.506561" lon="-0.137159"><ele>39.2</ele><time>2026-09-27T07:45:41.000Z</time><extensions><gpxtpx:TrackPointExtension><gpxtpx:hr>177</gpxtpx:hr></gpxtpx:TrackPointExtension></extensions></trkpt>
<trkpt lat="51.506515" lon="-0.137086"><ele>39.3</ele><time>2026-09-27T07:45:44.000Z</time><extensions><gpxtpx:TrackPointExtension><gpxtpx:hr>178</gpxtpx:hr></gpxtpx:TrackPointExtension></extensions></trkpt>
<trkpt lat="51.506469" lon="-0.137014"><ele>39.4</ele><time>2026-09-27T07:45:46.000Z</time><extensions><gpxtpx:TrackPointExtension><gpxtpx:hr>178</gpxtpx:hr></gpxtpx:TrackPointExtension></extensions></trkpt>
<trkpt lat="51.506424" lon="-0.136941"><ele>39.4</ele><time>2026-09-27T07:45:48.000Z</time><extensions><gpxtpx:TrackPointExtension><gpxtpx:hr>179</gpxtpx:hr></gpxtpx:TrackPointExtension></extensions></trkpt>
<trkpt lat="51.506380" lon="-0.136870"><ele>39.4</ele><time>2026-09-27T07:45:51.000Z</time><extensions><gpxtpx:TrackPointExtension><gpxtpx:hr>180</gpxtpx:hr></gpxtpx:TrackPointExtension></extensions></trkpt>
<trkpt lat="51.506336" lon="-0.136798"><ele>39.4</ele><time>2026-09-27T07:45:53.000Z</time><extensions><gpxtpx:TrackPointExtension><gpxtpx:hr>180</gpxtpx:hr></gpxtpx:TrackPointExtension></extensions></trkpt>
<trkpt lat="51.506293" lon="-0.136727"><ele>39.4</ele><time>2026-09-27T07:45:55.000Z</time><extensions><gpxtpx:TrackPointExtension><gpxtpx:hr>181</gpxtpx:hr></gpxtpx:TrackPointExtension></extensions></trkpt>
<trkpt lat="51.506250" lon="-0.136657"><ele>39.4</ele><time>2026-09-27T07:45:58.000Z</time><extensions><gpxtpx:TrackPointExtension><gpxtpx:hr>181</gpxtpx:hr></gpxtpx:TrackPointExtension></extensions></trkpt>
<trkpt lat="51.506208" lon="-0.136587"><ele>39.3</ele><time>2026-09-27T07:46:00.000Z</time><extensions><gpxtpx:TrackPointExtension><gpxtpx:hr>182</gpxtpx:hr></gpxtpx:TrackPointExtension></extensions></trkpt>
<trkpt lat="51.506166" lon="-0.136517"><ele>39.3</ele><time>2026-09-27T07:46:02.000Z</time><extensions><gpxtpx:TrackPointExtension><gpxtpx:hr>182</gpxtpx:hr></gpxtpx:TrackPointExtension></extensions></trkpt>
<trkpt lat="51.506125" lon="-0.136448"><ele>39.2</ele><time>2026-09-27T07:46:04.000Z</time><extensions><gpxtpx:TrackPointExtension><gpxtpx:hr>183</gpxtpx:hr></gpxtpx:TrackPointExtension></extensions></trkpt>
<trkpt lat="51.506085" lon="-0.136380"><ele>39.1</ele><time>2026-09-27T07:46:06.000Z</time><extensions><gpxtpx:TrackPointExtension><gpxtpx:hr>183</gpxtpx:hr></gpxtpx:TrackPointExtension></extensions></trkpt>
<trkpt lat="51.506045" lon="-0.136313"><ele>39.0</ele><time>2026-09-27T07:46:09.000Z</time><extensions><gpxtpx:TrackPointExtension><gpxtpx:hr>183</gpxtpx:hr></gpxtpx:TrackPointExtension></extensions></trkpt>
<trkpt lat="51.506005" lon="-0.136246"><ele>38.9</ele><time>2026-09-27T07:46:11.000Z</time><extensions><gpxtpx:TrackPointExtension><gpxtpx:hr>184</gpxtpx:hr></gpxtpx:TrackPointExtension></extensions></trkpt>
<trkpt lat="51.505966" lon="-0.136180"><ele>38.8</ele><time>2026-09-27T07:46:13.000Z</time><extensions><gpxtpx:TrackPointExtension><gpxtpx:hr>184</gpxtpx:hr></gpxtpx:TrackPointExtension></extensions></trkpt>
<trkpt lat="51.505927" lon="-0.136115"><ele>38.7</ele><time>2026-09-27T07:46:15.000Z</time><extensions><gpxtpx:TrackPointExtension><gpxtpx:hr>185</gpxtpx:hr></gpxtpx:TrackPointExtension></extensions></trkpt>
<trkpt lat="51.505889" lon="-0.136050"><ele>38.6</ele><time>2026-09-27T07:46:17.000Z</time><extensions><gpxtpx:TrackPointExtension><gpxtpx:hr>185</gpxtpx:hr></gpxtpx:TrackPointExtension></extensions></trkpt>
<trkpt lat="51.505851" lon="-0.135987"><ele>38.4</ele><time>2026-09-27T07:46:19.000Z</time><extensions><gpxtpx:TrackPointExtension><gpxtpx:hr>185</gpxtpx:hr></gpxtpx:TrackPointExtension></extensions></trkpt>
<trkpt lat="51.505813" lon="-0.135924"><ele>38.3</ele><time>2026-09-27T07:46:21.000Z</time><extensions><gpxtpx:TrackPointExtension><gpxtpx:hr>186</gpxtpx:hr></gpxtpx:TrackPointExtension></extensions></trkpt>
<trkpt lat="51.505776" lon="-0.135863"><ele>38.2</ele><time>2026-09-27T07:46:23.000Z</time><extensions><gpxtpx:TrackPointExtension><gpxtpx:hr>186</gpxtpx:hr></gpxtpx:TrackPointExtension></extensions></trkpt>
<trkpt lat="51.505739" lon="-0.135802"><ele>38.0</ele><time>2026-09-27T07:46:25.000Z</time><extensions><gpxtpx:TrackPointExtension><gpxtpx:hr>186</gpxtpx:hr></gpxtpx:TrackPointExtension></extensions></trkpt>
<trkpt lat="51.505702" lon="-0.135742"><ele>37.9</ele><time>2026-09-27T07:46:27.000Z</time><extensions><gpxtpx:TrackPointExtension><gpxtpx:hr>186</gpxtpx:hr></gpxtpx:TrackPointExtension></extensions></trkpt>
<trkpt lat="51.505665" lon="-0.135684"><ele>37.8</ele><time>2026-09-27T07:46:29.000Z</time><extensions><gpxtpx:TrackPointExtension><gpxtpx:hr>187</gpxtpx:hr></gpxtpx:TrackPointExtension></extensions></trkpt>
<trkpt lat="51.505629" lon="-0.135626"><ele>37.6</ele><time>2026-09-27T07:46:30.000Z</time><extensions><gpxtpx:TrackPointExtension><gpxtpx:hr>187</gpxtpx:hr></gpxtpx:TrackPointExtension></extensions></trkpt>
<trkpt lat="51.505592" lon="-0.135569"><ele>37.5</ele><time>2026-09-27T07:46:32.000Z</time><extensions><gpxtpx:TrackPointExtension><gpxtpx:hr>187</gpxtpx:hr></gpxtpx:TrackPointExtension></extensions></trkpt>
<trkpt lat="51.505556" lon="-0.135514"><ele>37.3</ele><time>2026-09-27T07:46:34.000Z</time><extensions><gpxtpx:TrackPointExtension><gpxtpx:hr>187</gpxtpx:hr></gpxtpx:TrackPointExtension></extensions></trkpt>
<trkpt lat="51.505520" lon="-0.135459"><ele>37.2</ele><time>2026-09-27T07:46:36.000Z</time><extensions><gpxtpx:TrackPointExtension><gpxtpx:hr>187</gpxtpx:hr></gpxtpx:TrackPointExtension></extensions></trkpt>
<trkpt lat="51.505484" lon="-0.135406"><ele>37.1</ele><time>2026-09-27T07:46:38.000Z</time><extensions><gpxtpx:TrackPointExtension><gpxtpx:hr>187</gpxtpx:hr></gpxtpx:TrackPointExtension></extensions></trkpt>
<trkpt lat="51.505448" lon="-0.135354"><ele>36.9</ele><time>2026-09-27T07:46:39.000Z</time><extensions><gpxtpx:TrackPointExtension><gpxtpx:hr>187</gpxtpx:hr></gpxtpx:TrackPointExtension></extensions></trkpt>
<trkpt lat="51.505412" lon="-0.135303"><ele>36.8</ele><time>2026-09-27T07:46:41.000Z</time><extensions><gpxtpx:TrackPointExtension><gpxtpx:hr>188</gpxtpx:hr></gpxtpx:TrackPointExtension></extensions></trkpt>
<trkpt lat="51.505376" lon="-0.135253"><ele>36.7</ele><time>2026-09-27T07:46:43.000Z</time><extensions><gpxtpx:TrackPointExtension><gpxtpx:hr>188</gpxtpx:hr></gpxtpx:TrackPointExtension></extensions></trkpt>
<trkpt lat="51.505340" lon="-0.135204"><ele>36.6</ele><time>2026-09-27T07:46:45.000Z</time><extensions><gpxtpx:TrackPointExtension><gpxtpx:hr>188</gpxtpx:hr></gpxtpx:TrackPointExtension></extensions></trkpt>
<trkpt lat="51.505304" lon="-0.135156"><ele>36.5</ele><time>2026-09-27T07:46:46.000Z</time><extensions><gpxtpx:TrackPointExtension><gpxtpx:hr>188</gpxtpx:hr></gpxtpx:TrackPointExtension></extensions></trkpt>
<trkpt lat="51.505267" lon="-0.135110"><ele>36.4</ele><time>2026-09-27T07:46:48.000Z</time><extensions><gpxtpx:TrackPointExtension><gpxtpx:hr>188</gpxtpx:hr></gpxtpx:TrackPointExtension></extensions></trkpt>
<trkpt lat="51.505231" lon="-0.135064"><ele>36.4</ele><time>2026-09-27T07:46:50.000Z</time><extensions><gpxtpx:TrackPointExtension><gpxtpx:hr>188</gpxtpx:hr></gpxtpx:TrackPointExtension></extensions></trkpt>
<trkpt lat="51.505195" lon="-0.135020"><ele>36.3</ele><time>2026-09-27T07:46:51.000Z</time><extensions><gpxtpx:TrackPointExtension><gpxtpx:hr>187</gpxtpx:hr></gpxtpx:TrackPointExtension></extensions></trkpt>
<trkpt lat="51.505158" lon="-0.134977"><ele>36.3</ele><time>2026-09-27T07:46:53.000Z</time><extensions><gpxtpx:TrackPointExtension><gpxtpx:hr>187</gpxtpx:hr></gpxtpx:TrackPointExtension></extensions></trkpt>
<trkpt lat="51.505121" lon="-0.134935"><ele>36.2</ele><time>2026-09-27T07:46:55.000Z</time><extensions><gpxtpx:TrackPointExtension><gpxtpx:hr>187</gpxtpx:hr></gpxtpx:TrackPointExtension></extensions></trkpt>
<trkpt lat="51.505084" lon="-0.134894"><ele>36.2</ele><time>2026-09-27T07:46:56.000Z</time><extensions><gpxtpx:TrackPointExtension><gpxtpx:hr>187</gpxtpx:hr></gpxtpx:TrackPointExtension></extensions></trkpt>
<trkpt lat="51.505047" lon="-0.134854"><ele>36.2</ele><time>2026-09-27T07:46:58.000Z</time><extensions><gpxtpx:TrackPointExtension><gpxtpx:hr>187</gpxtpx:hr></gpxtpx:TrackPointExtension></extensions></trkpt>
<trkpt lat="51.505009" lon="-0.134815"><ele>36.2</ele><time>2026-09-27T07:46:59.000Z</time><extensions><gpxtpx:TrackPointExtension><gpxtpx:hr>187</gpxtpx:hr></gpxtpx:TrackPointExtension></extensions></trkpt>
<trkpt lat="51.504971" lon="-0.134777"><ele>36.2</ele><time>2026-09-27T07:47:01.000Z</time><extensions><gpxtpx:TrackPointExtension><gpxtpx:hr>187</gpxtpx:hr></gpxtpx:TrackPointExtension></extensions></trkpt>
<trkpt lat="51.504933" lon="-0.134740"><ele>36.3</ele><time>2026-09-27T07:47:03.000Z</time><extensions><gpxtpx:TrackPointExtension><gpxtpx:hr>186</gpxtpx:hr></gpxtpx:TrackPointExtension></extensions></trkpt>
<trkpt lat="51.504894" lon="-0.134704"><ele>36.3</ele><time>2026-09-27T07:47:04.000Z</time><extensions><gpxtpx:TrackPointExtension><gpxtpx:hr>186</gpxtpx:hr></gpxtpx:TrackPointExtension></extensions></trkpt>
<trkpt lat="51.504855" lon="-0.134670"><ele>36.4</ele><time>2026-09-27T07:47:06.000Z</time><extensions><gpxtpx:TrackPointExtension><gpxtpx:hr>186</gpxtpx:hr></gpxtpx:TrackPointExtension></extensions></trkpt>
<trkpt lat="51.504816" lon="-0.134636"><ele>36.5</ele><time>2026-09-27T07:47:08.000Z</time><extensions><gpxtpx:TrackPointExtension><gpxtpx:hr>186</gpxtpx:hr></gpxtpx:TrackPointExtension></extensions></trkpt>
<trkpt lat="51.504776" lon="-0.134603"><ele>36.6</ele><time>2026-09-27T07:47:09.000Z</time><extensions><gpxtpx:TrackPointExtension><gpxtpx:hr>185</gpxtpx:hr></gpxtpx:TrackPointExtension></extensions></trkpt>
<trkpt lat="51.504736" lon="-0.134571"><ele>36.7</ele><time>2026-09-27T07:47:11.000Z</time><extensions><gpxtpx:TrackPointExtension><gpxtpx:hr>185</gpxtpx:hr></gpxtpx:TrackPointExtension></extensions></trkpt>
<trkpt lat="51.504695" lon="-0.134540"><ele>36.8</ele><time>2026-09-27T07:47:13.000Z</time><extensions><gpxtpx:TrackPointExtension><gpxtpx:hr>185</gpxtpx:hr></gpxtpx:TrackPointExtension></extensions></trkpt>
<trkpt lat="51.504654" lon="-0.134510"><ele>36.9</ele><time>2026-09-27T07:47:14.000Z</time><extensions><gpxtpx:TrackPointExtension><gpxtpx:hr>184</gpxtpx:hr></gpxtpx:TrackPointExtension></extensions></trkpt>
<trkpt lat="51.504612" lon="-0.134481"><ele>37.1</ele><time>2026-09-27T07:47:16.000Z</time><extensions><gpxtpx:TrackPointExtension><gpxtpx:hr>184</gpxtpx:hr></gpxtpx:TrackPointExtension></extensions></trkpt>
<trkpt lat="51.504570" lon="-0.134452"><ele>37.3</ele><time>2026-09-27T07:47:18.000Z</time><extensions><gpxtpx:TrackPointExtension><gpxtpx:hr>183</gpxtpx:hr></gpxtpx:TrackPointExtension></extensions></trkpt>
<trkpt lat="51.504527" lon="-0.134425"><ele>37.5</ele><time>2026-09-27T07:47:19.000Z</time><extensions><gpxtpx:TrackPointExtension><gpxtpx:hr>183</gpxtpx:hr></gpxtpx:TrackPointExtension></extensions></trkpt>
<trkpt lat="51.504484" lon="-0.134397"><ele>37.7</ele><time>2026-09-27T07:47:21.000Z</time><extensions><gpxtpx:TrackPointExtension><gpxtpx:hr>183</gpxtpx:hr></gpxtpx:TrackPointExtension></extensions></trkpt>
<trkpt lat="51.504440" lon="-0.134371"><ele>37.9</ele><time>2026-09-27T07:47:23.000Z</time><extensions><gpxtpx:TrackPointExtension><gpxtpx:hr>182</gpxtpx:hr></gpxtpx:TrackPointExtension></extensions></trkpt>
<trkpt lat="51.504396" lon="-0.134345"><ele>38.1</ele><time>2026-09-27T07:47:25.000Z</time><extensions><gpxtpx:TrackPointExtension><gpxtpx:hr>182</gpxtpx:hr></gpxtpx:TrackPointExtension></extensions></trkpt>
<trkpt lat="51.504351" lon="-0.134320"><ele>38.4</ele><time>2026-09-27T07:47:27.000Z</time><extensions><gpxtpx:TrackPointExtension><gpxtpx:hr>181</gpxtpx:hr></gpxtpx:TrackPointExtension></extensions></trkpt>
<trkpt lat="51.504305" lon="-0.134296"><ele>38.6</ele><time>2026-09-27T07:47:28.000Z</time><extensions><gpxtpx:TrackPointExtension><gpxtpx:hr>181</gpxtpx:hr></gpxtpx:TrackPointExtension></extensions></trkpt>
<trkpt lat="51.504259" lon="-0.134272"><ele>38.9</ele><time>2026-09-27T07:47:30.000Z</time><extensions><gpxtpx:TrackPointExtension><gpxtpx:hr>180</gpxtpx:hr></gpxtpx:TrackPointExtension></extensions></trkpt>
<trkpt lat="51.504212" lon="-0.134248"><ele>39.2</ele><time>2026-09-27T07:47:32.000Z</time><extensions><gpxtpx:TrackPointExtension><gpxtpx:hr>180</gpxtpx:hr></gpxtpx:TrackPointExtension></extensions></trkpt>
<trkpt lat="51.504164" lon="-0.134225"><ele>39.4</ele><time>2026-09-27T07:47:34.000Z</time><extensions><gpxtpx:TrackPointExtension><gpxtpx:hr>179</gpxtpx:hr></gpxtpx:TrackPointExtension></extensions></trkpt>
<trkpt lat="51.504116" lon="-0.134202"><ele>39.7</ele><time>2026-09-27T07:47:36.000Z</time><extensions><gpxtpx:TrackPointExtension><gpxtpx:hr>179</gpxtpx:hr></gpxtpx:TrackPointExtension></extensions></trkpt>
<trkpt lat="51.504067" lon="-0.134180"><ele>40.0</ele><time>2026-09-27T07:47:38.000Z</time><extensions><gpxtpx:TrackPointExtension><gpxtpx:hr>178</gpxtpx:hr></gpxtpx:TrackPointExtension></extensions></trkpt>
<trkpt lat="51.504018" lon="-0.134158"><ele>40.4</ele><time>2026-09-27T07:47:40.000Z</time><extensions><gpxtpx:TrackPointExtension><gpxtpx:hr>177</gpxtpx:hr></gpxtpx:TrackPointExtension></extensions></trkpt>
<trkpt lat="51.503968" lon="-0.134136"><ele>40.7</ele><time>2026-09-27T07:47:42.000Z</time><extensions><gpxtpx:TrackPointExtension><gpxtpx:hr>177</gpxtpx:hr></gpxtpx:TrackPointExtension></extensions></trkpt>
<trkpt lat="51.503917" lon="-0.134114"><ele>41.0</ele><time>2026-09-27T07:47:44.000Z</time><extensions><gpxtpx:TrackPointExtension><gpxtpx:hr>176</gpxtpx:hr></gpxtpx:TrackPointExtension></extensions></trkpt>
<trkpt lat="51.503866" lon="-0.134093"><ele>41.3</ele><time>2026-09-27T07:47:46.000Z</time><extensions><gpxtpx:TrackPointExtension><gpxtpx:hr>176</gpxtpx:hr></gpxtpx:TrackPointExtension></extensions></trkpt>
<trkpt lat="51.503814" lon="-0.134071"><ele>41.7</ele><time>2026-09-27T07:47:48.000Z</time><extensions><gpxtpx:TrackPointExtension><gpxtpx:hr>175</gpxtpx:hr></gpxtpx:TrackPointExtension></extensions></trkpt>
<trkpt lat="51.503761" lon="-0.134050"><ele>42.0</ele><time>2026-09-27T07:47:50.000Z</time><extensions><gpxtpx:TrackPointExtension><gpxtpx:hr>175</gpxtpx:hr></gpxtpx:TrackPointExtension></extensions></trkpt>
<trkpt lat="51.503708" lon="-0.134029"><ele>42.4</ele><time>2026-09-27T07:47:52.000Z</time><extensions><gpxtpx:TrackPointExtension><gpxtpx:hr>174</gpxtpx:hr></gpxtpx:TrackPointExtension></extensions></trkpt>
<trkpt lat="51.503654" lon="-0.134007"><ele>42.7</ele><time>2026-09-27T07:47:55.000Z</time><extensions><gpxtpx:TrackPointExtension><gpxtpx:hr>173</gpxtpx:hr></gpxtpx:TrackPointExtension></extensions></trkpt>
<trkpt lat="51.503599" lon="-0.133985"><ele>43.0</ele><time>2026-09-27T07:47:57.000Z</time><extensions><gpxtpx:TrackPointExtension><gpxtpx:hr>173</gpxtpx:hr></gpxtpx:TrackPointExtension></extensions></trkpt>
<trkpt lat="51.503544" lon="-0.133964"><ele>43.4</ele><time>2026-09-27T07:47:59.000Z</time><extensions><gpxtpx:TrackPointExtension><gpxtpx:hr>172</gpxtpx:hr></gpxtpx:TrackPointExtension></extensions></trkpt>
<trkpt lat="51.503488" lon="-0.133942"><ele>43.7</ele><time>2026-09-27T07:48:01.000Z</time><extensions><gpxtpx:TrackPointExtension><gpxtpx:hr>172</gpxtpx:hr></gpxtpx:TrackPointExtension></extensions></trkpt>
<trkpt lat="51.503432" lon="-0.133919"><ele>44.0</ele><time>2026-09-27T07:48:04.000Z</time><extensions><gpxtpx:TrackPointExtension><gpxtpx:hr>171</gpxtpx:hr></gpxtpx:TrackPointExtension></extensions></trkpt>
<trkpt lat="51.503375" lon="-0.133897"><ele>44.4</ele><time>2026-09-27T07:48:06.000Z</time><extensions><gpxtpx:TrackPointExtension><gpxtpx:hr>170</gpxtpx:hr></gpxtpx:TrackPointExtension></extensions></trkpt>
<trkpt lat="51.503317" lon="-0.133874"><ele>44.7</ele><time>2026-09-27T07:48:08.000Z</time><extensions><gpxtpx:TrackPointExtension><gpxtpx:hr>170</gpxtpx:hr></gpxtpx:TrackPointExtension></extensions></trkpt>
<trkpt lat="51.503259" lon="-0.133851"><ele>45.0</ele><time>2026-09-27T07:48:11.000Z</time><extensions><gpxtpx:TrackPointExtension><gpxtpx:hr>169</gpxtpx:hr></gpxtpx:TrackPointExtension></extensions></trkpt>
<trkpt lat="51.503200" lon="-0.133827"><ele>45.3</ele><time>2026-09-27T07:48:13.000Z</time><extensions><gpxtpx:TrackPointExtension><gpxtpx:hr>169</gpxtpx:hr></gpxtpx:TrackPointExtension></extensions></trkpt>
<trkpt lat="51.503141" lon="-0.133802"><ele>45.6</ele><time>2026-09-27T07:48:16.000Z</time><extensions><gpxtpx:TrackPointExtension><gpxtpx:hr>168</gpxtpx:hr></gpxtpx:TrackPointExtension></extensions></trkpt>
<trkpt lat="51.503081" lon="-0.133777"><ele>45.9</ele><time>2026-09-27T07:48:18.000Z</time><extensions><gpxtpx:TrackPointExtension><gpxtpx:hr>167</gpxtpx:hr></gpxtpx:TrackPointExtension></extensions></trkpt>
<trkpt lat="51.503020" lon="-0.133752"><ele>46.2</ele><time>2026-09-27T07:48:21.000Z</time><extensions><gpxtpx:TrackPointExtension><gpxtpx:hr>167</gpxtpx:hr></gpxtpx:TrackPointExtension></extensions></trkpt>
<trkpt lat="51.502959" lon="-0.133725"><ele>46.5</ele><time>2026-09-27T07:48:23.000Z</time><extensions><gpxtpx:TrackPointExtension><gpxtpx:hr>166</gpxtpx:hr></gpxtpx:TrackPointExtension></extensions></trkpt>
<trkpt lat="51.502898" lon="-0.133698"><ele>46.7</ele><time>2026-09-27T07:48:26.000Z</time><extensions><gpxtpx:TrackPointExtension><gpxtpx:hr>166</gpxtpx:hr></gpxtpx:TrackPointExtension></extensions></trkpt>
<trkpt lat="51.502836" lon="-0.133670"><ele>46.9</ele><time>2026-09-27T07:48:29.000Z</time><extensions><gpxtpx:TrackPointExtension><gpxtpx:hr>165</gpxtpx:hr></gpxtpx:TrackPointExtension></extensions></trkpt>
<trkpt lat="51.502774" lon="-0.133642"><ele>47.2</ele><time>2026-09-27T07:48:31.000Z</time><extensions><gpxtpx:TrackPointExtension><gpxtpx:hr>164</gpxtpx:hr></gpxtpx:TrackPointExtension></extensions></trkpt>
<trkpt lat="51.502711" lon="-0.133612"><ele>47.4</ele><time>2026-09-27T07:48:34.000Z</time><extensions><gpxtpx:TrackPointExtension><gpxtpx:hr>164</gpxtpx:hr></gpxtpx:TrackPointExtension></extensions></trkpt>
<trkpt lat="51.502648" lon="-0.133582"><ele>47.6</ele><time>2026-09-27T07:48:37.000Z</time><extensions><gpxtpx:TrackPointExtension><gpxtpx:hr>163</gpxtpx:hr></gpxtpx:TrackPointExtension></extensions></trkpt>
<trkpt lat="51.502585" lon="-0.133550"><ele>47.7</ele><time>2026-09-27T07:48:40.000Z</time><extensions><gpxtpx:TrackPointExtension><gpxtpx:hr>163</gpxtpx:hr></gpxtpx:TrackPointExtension></extensions></trkpt>
<trkpt lat="51.502521" lon="-0.133518"><ele>47.9</ele><time>2026-09-27T07:48:42.000Z</time><extensions><gpxtpx:TrackPointExtension><gpxtpx:hr>162</gpxtpx:hr></gpxtpx:TrackPointExtension></extensions></trkpt>
<trkpt lat="51.502457" lon="-0.133484"><ele>48.0</ele><time>2026-09-27T07:48:45.000Z</time><extensions><gpxtpx:TrackPointExtension><gpxtpx:hr>162</gpxtpx:hr></gpxtpx:TrackPointExtension></extensions></trkpt>
<trkpt lat="51.502392" lon="-0.133449"><ele>48.1</ele><time>2026-09-27T07:48:48.000Z</time><extensions><gpxtpx:TrackPointExtension><gpxtpx:hr>161</gpxtpx:hr></gpxtpx:TrackPointExtension></extensions></trkpt>
<trkpt lat="51.502328" lon="-0.133414"><ele>48.2</ele><time>2026-09-27T07:48:51.000Z</time><extensions><gpxtpx:TrackPointExtension><gpxtpx:hr>161</gpxtpx:hr></gpxtpx:TrackPointExtension></extensions></trkpt>
<trkpt lat="51.502263" lon="-0.133377"><ele>48.3</ele><time>2026-09-27T07:48:54.000Z</time><extensions><gpxtpx:TrackPointExtension><gpxtpx:hr>160</gpxtpx:hr></gpxtpx:TrackPointExtension></extensions></trkpt>
<trkpt lat="51.502198" lon="-0.133339"><ele>48.4</ele><time>2026-09-27T07:48:57.000Z</time><extensions><gpxtpx:TrackPointExtension><gpxtpx:hr>160</gpxtpx:hr></gpxtpx:TrackPointExtension></extensions></trkpt>
<trkpt lat="51.502133" lon="-0.133299"><ele>48.4</ele><time>2026-09-27T07:49:00.000Z</time><extensions><gpxtpx:TrackPointExtension><gpxtpx:hr>159</gpxtpx:hr></gpxtpx:TrackPointExtension></extensions></trkpt>
<trkpt lat="51.502067" lon="-0.133258"><ele>48.4</ele><time>2026-09-27T07:49:03.000Z</time><extensions><gpxtpx:TrackPointExtension><gpxtpx:hr>159</gpxtpx:hr></gpxtpx:TrackPointExtension></extensions></trkpt>
<trkpt lat="51.502002" lon="-0.133216"><ele>48.4</ele><time>2026-09-27T07:49:06.000Z</time><extensions><gpxtpx:TrackPointExtension><gpxtpx:hr>159</gpxtpx:hr></gpxtpx:TrackPointExtension></extensions></trkpt>
<trkpt lat="51.501937" lon="-0.133173"><ele>48.3</ele><time>2026-09-27T07:49:09.000Z</time><extensions><gpxtpx:TrackPointExtension><gpxtpx:hr>158</gpxtpx:hr></gpxtpx:TrackPointExtension></extensions></trkpt>
<trkpt lat="51.501871" lon="-0.133128"><ele>48.3</ele><time>2026-09-27T07:49:12.000Z</time><extensions><gpxtpx:TrackPointExtension><gpxtpx:hr>158</gpxtpx:hr></gpxtpx:TrackPointExtension></extensions></trkpt>
<trkpt lat="51.501806" lon="-0.133082"><ele>48.2</ele><time>2026-09-27T07:49:15.000Z</time><extensions><gpxtpx:TrackPointExtension><gpxtpx:hr>157</gpxtpx:hr></gpxtpx:TrackPointExtension></extensions></trkpt>
<trkpt lat="51.501740" lon="-0.133034"><ele>48.1</ele><time>2026-09-27T07:49:18.000Z</time><extensions><gpxtpx:TrackPointExtension><gpxtpx:hr>157</gpxtpx:hr></gpxtpx:TrackPointExtension></extensions></trkpt>
<trkpt lat="51.501675" lon="-0.132985"><ele>47.9</ele><time>2026-09-27T07:49:22.000Z</time><extensions><gpxtpx:TrackPointExtension><gpxtpx:hr>157</gpxtpx:hr></gpxtpx:TrackPointExtension></extensions></trkpt>
<trkpt lat="51.501610" lon="-0.132934"><ele>47.8</ele><time>2026-09-27T07:49:25.000Z</time><extensions><gpxtpx:TrackPointExtension><gpxtpx:hr>157</gpxtpx:hr></gpxtpx:TrackPointExtension></extensions></trkpt>
<trkpt lat="51.501545" lon="-0.132882"><ele>47.6</ele><time>2026-09-27T07:49:28.000Z</time><extensions><gpxtpx:TrackPointExtension><gpxtpx:hr>156</gpxtpx:hr></gpxtpx:TrackPointExtension></extensions></trkpt>
<trkpt lat="51.501480" lon="-0.132828"><ele>47.4</ele><time>2026-09-27T07:49:31.000Z</time><extensions><gpxtpx:TrackPointExtension><gpxtpx:hr>156</gpxtpx:hr></gpxtpx:TrackPointExtension></extensions></trkpt>
<trkpt lat="51.501416" lon="-0.132773"><ele>47.2</ele><time>2026-09-27T07:49:34.000Z</time><extensions><gpxtpx:TrackPointExtension><gpxtpx:hr>156</gpxtpx:hr></gpxtpx:TrackPointExtension></extensions></trkpt>
<trkpt lat="51.501351" lon="-0.132716"><ele>46.9</ele><time>2026-09-27T07:49:37.000Z</time><extensions><gpxtpx:TrackPointExtension><gpxtpx:hr>156</gpxtpx:hr></gpxtpx:TrackPointExtension></extensions></trkpt>
<trkpt lat="51.501287" lon="-0.132657"><ele>46.7</ele><time>2026-09-27T07:49:41.000Z</time><extensions><gpxtpx:TrackPointExtension><gpxtpx:hr>155</gpxtpx:hr></gpxtpx:TrackPointExtension></extensions></trkpt>
<trkpt lat="51.501224" lon="-0.132597"><ele>46.4</ele><time>2026-09-27T07:49:44.000Z</time><extensions><gpxtpx:TrackPointExtension><gpxtpx:hr>155</gpxtpx:hr></gpxtpx:TrackPointExtension></extensions></trkpt>
<trkpt lat="51.501161" lon="-0.132535"><ele>46.1</ele><time>2026-09-27T07:49:47.000Z</time><extensions><gpxtpx:TrackPointExtension><gpxtpx:hr>155</gpxtpx:hr></gpxtpx:TrackPointExtension></extensions></trkpt>
<trkpt lat="51.501098" lon="-0.132472"><ele>45.7</ele><time>2026-09-27T07:49:51.000Z</time><extensions><gpxtpx:TrackPointExtension><gpxtpx:hr>155</gpxtpx:hr></gpxtpx:TrackPointExtension></extensions></trkpt>
<trkpt lat="51.501036" lon="-0.132407"><ele>45.4</ele><time>2026-09-27T07:49:54.000Z</time><extensions><gpxtpx:TrackPointExtension><gpxtpx:hr>155</gpxtpx:hr></gpxtpx:TrackPointExtension></extensions></trkpt>
<trkpt lat="51.500974" lon="-0.132340"><ele>45.0</ele><time>2026-09-27T07:49:57.000Z</time><extensions><gpxtpx:TrackPointExtension><gpxtpx:hr>155</gpxtpx:hr></gpxtpx:TrackPointExtension></extensions></trkpt>
<trkpt lat="51.500913" lon="-0.132272"><ele>44.6</ele><time>2026-09-27T07:50:00.000Z</time><extensions><gpxtpx:TrackPointExtension><gpxtpx:hr>155</gpxtpx:hr></gpxtpx:TrackPointExtension></extensions></trkpt>
<trkpt lat="51.500853" lon="-0.132202"><ele>44.2</ele><time>2026-09-27T07:50:04.000Z</time><extensions><gpxtpx:TrackPointExtension><gpxtpx:hr>155</gpxtpx:hr></gpxtpx:TrackPointExtension></extensions></trkpt>
<trkpt lat="51.500793" lon="-0.132130"><ele>43.8</ele><time>2026-09-27T07:50:07.000Z</time><extensions><gpxtpx:TrackPointExtension><gpxtpx:hr>155</gpxtpx:hr></gpxtpx:TrackPointExtension></extensions></trkpt>
<trkpt lat="51.500734" lon="-0.132057"><ele>43.3</ele><time>2026-09-27T07:50:10.000Z</time><extensions><gpxtpx:TrackPointExtension><gpxtpx:hr>155</gpxtpx:hr></gpxtpx:TrackPointExtension></extensions></trkpt>
<trkpt lat="51.500675" lon="-0.131982"><ele>42.9</ele><time>2026-09-27T07:50:14.000Z</time><extensions><gpxtpx:TrackPointExtension><gpxtpx:hr>155</gpxtpx:hr></gpxtpx:TrackPointExtension></extensions></trkpt>
<trkpt lat="51.500617" lon="-0.131906"><ele>42.4</ele><time>2026-09-27T07:50:17.000Z</time><extensions><gpxtpx:TrackPointExtension><gpxtpx:hr>155</gpxtpx:hr></gpxtpx:TrackPointExtension></extensions></trkpt>
<trkpt lat="51.500561" lon="-0.131828"><ele>41.9</ele><time>2026-09-27T07:50:20.000Z</time><extensions><gpxtpx:TrackPointExtension><gpxtpx:hr>155</gpxtpx:hr></gpxtpx:TrackPointExtension></extensions></trkpt>
<trkpt lat="51.500505" lon="-0.131748"><ele>41.4</ele><time>2026-09-27T07:50:24.000Z</time><extensions><gpxtpx:TrackPointExtension><gpxtpx:hr>155</gpxtpx:hr></gpxtpx:TrackPointExtension></extensions></trkpt>
<trkpt lat="51.500450" lon="-0.131666"><ele>40.9</ele><time>2026-09-27T07:50:27.000Z</time><extensions><gpxtpx:TrackPointExtension><gpxtpx:hr>155</gpxtpx:hr></gpxtpx:TrackPointExtension></extensions></trkpt>
<trkpt lat="51.500395" lon="-0.131583"><ele>40.4</ele><time>2026-09-27T07:50:30.000Z</time><extensions><gpxtpx:TrackPointExtension><gpxtpx:hr>155</gpxtpx:hr></gpxtpx:TrackPointExtension></extensions></trkpt>
<trkpt lat="51.500342" lon="-0.131499"><ele>39.9</ele><time>2026-09-27T07:50:34.000Z</time><extensions><gpxtpx:TrackPointExtension><gpxtpx:hr>155</gpxtpx:hr></gpxtpx:TrackPointExtension></extensions></trkpt>
<trkpt lat="51.500290" lon="-0.131413"><ele>39.3</ele><time>2026-09-27T07:50:37.000Z</time><extensions><gpxtpx:TrackPointExtension><gpxtpx:hr>155</gpxtpx:hr></gpxtpx:TrackPointExtension></extensions></trkpt>
<trkpt lat="51.500239" lon="-0.131325"><ele>38.8</ele><time>2026-09-27T07:50:40.000Z</time><extensions><gpxtpx:TrackPointExtension><gpxtpx:hr>156</gpxtpx:hr></gpxtpx:TrackPointExtension></extensions></trkpt>
<trkpt lat="51.500189" lon="-0.131236"><ele>38.2</ele><time>2026-09-27T07:50:44.000Z</time><extensions><gpxtpx:TrackPointExtension><gpxtpx:hr>156</gpxtpx:hr></gpxtpx:TrackPointExtension></extensions></trkpt>
<trkpt lat="51.500140" lon="-0.131145"><ele>37.7</ele><time>2026-09-27T07:50:47.000Z</time><extensions><gpxtpx:TrackPointExtension><gpxtpx:hr>156</gpxtpx:hr></gpxtpx:TrackPointExtension></extensions></trkpt>
<trkpt lat="51.500092" lon="-0.131053"><ele>37.1</ele><time>2026-09-27T07:50:50.000Z</time><extensions><gpxtpx:TrackPointExtension><gpxtpx:hr>156</gpxtpx:hr></gpxtpx:TrackPointExtension></extensions></trkpt>
<trkpt lat="51.500045" lon="-0.130959"><ele>36.6</ele><time>2026-09-27T07:50:54.000Z</time><extensions><gpxtpx:TrackPointExtension><gpxtpx:hr>157</gpxtpx:hr></gpxtpx:TrackPointExtension></extensions></trkpt>
<trkpt lat="51.500000" lon="-0.130864"><ele>36.0</ele><time>2026-09-27T07:50:57.000Z</time><extensions><gpxtpx:TrackPointExtension><gpxtpx:hr>157</gpxtpx:hr></gpxtpx:TrackPointExtension></extensions></trkpt>
<trkpt lat="51.499956" lon="-0.130768"><ele>35.4</ele><time>2026-09-27T07:51:00.000Z</time><extensions><gpxtpx:TrackPointExtension><gpxtpx:hr>157</gpxtpx:hr></gpxtpx:TrackPointExtension></extensions></trkpt>
<trkpt lat="51.499913" lon="-0.130670"><ele>34.9</ele><time>2026-09-27T07:51:03.000Z</time><extensions><gpxtpx:TrackPointExtension><gpxtpx:hr>158</gpxtpx:hr></gpxtpx:TrackPointExtension></extensions></trkpt>
<trkpt lat="51.499872" lon="-0.130571"><ele>34.3</ele><time>2026-09-27T07:51:07.000Z</time><extensions><gpxtpx:TrackPointExtension><gpxtpx:hr>158</gpxtpx:hr></gpxtpx:TrackPointExtension></extensions></trkpt>
<trkpt lat="51.499832" lon="-0.130471"><ele>33.8</ele><time>2026-09-27T07:51:10.000Z</time><extensions><gpxtpx:TrackPointExtension><gpxtpx:hr>158</gpxtpx:hr></gpxtpx:TrackPointExtension></extensions></trkpt>
<trkpt lat="51.499793" lon="-0.130370"><ele>33.2</ele><time>2026-09-27T07:51:13.000Z</time><extensions><gpxtpx:TrackPointExtension><gpxtpx:hr>159</gpxtpx:hr></gpxtpx:TrackPointExtension></extensions></trkpt>
<trkpt lat="51.499756" lon="-0.130267"><ele>32.7</ele><time>2026-09-27T07:51:16.000Z</time><extensions><gpxtpx:TrackPointExtension><gpxtpx:hr>159</gpxtpx:hr></gpxtpx:TrackPointExtension></extensions></trkpt>
<trkpt lat="51.499720" lon="-0.130163"><ele>32.1</ele><time>2026-09-27T07:51:20.000Z</time><extensions><gpxtpx:TrackPointExtension><gpxtpx:hr>160</gpxtpx:hr></gpxtpx:TrackPointExtension></extensions></trkpt>
<trkpt lat="51.499685" lon="-0.130058"><ele>31.6</ele><time>2026-09-27T07:51:23.000Z</time><extensions><gpxtpx:TrackPointExtension><gpxtpx:hr>160</gpxtpx:hr></gpxtpx:TrackPointExtension></extensions></trkpt>
<trkpt lat="51.499653" lon="-0.129952"><ele>31.1</ele><time>2026-09-27T07:51:26.000Z</time><extensions><gpxtpx:TrackPointExtension><gpxtpx:hr>161</gpxtpx:hr></gpxtpx:TrackPointExtension></extensions></trkpt>
<trkpt lat="51.499621" lon="-0.129845"><ele>30.6</ele><time>2026-09-27T07:51:29.000Z</time><extensions><gpxtpx:TrackPointExtension><gpxtpx:hr>161</gpxtpx:hr></gpxtpx:TrackPointExtension></extensions></trkpt>
<trkpt lat="51.499591" lon="-0.129737"><ele>30.1</ele><time>2026-09-27T07:51:32.000Z</time><extensions><gpxtpx:TrackPointExtension><gpxtpx:hr>162</gpxtpx:hr></gpxtpx:TrackPointExtension></extensions></trkpt>
<trkpt lat="51.499563" lon="-0.129628"><ele>29.6</ele><time>2026-09-27T07:51:36.000Z</time><extensions><gpxtpx:TrackPointExtension><gpxtpx:hr>162</gpxtpx:hr></gpxtpx:TrackPointExtension></extensions></trkpt>
<trkpt lat="51.499537" lon="-0.129518"><ele>29.1</ele><time>2026-09-27T07:51:39.000Z</time><extensions><gpxtpx:TrackPointExtension><gpxtpx:hr>163</gpxtpx:hr></gpxtpx:TrackPointExtension></extensions></trkpt>
<trkpt lat="51.499512" lon="-0.129407"><ele>28.7</ele><time>2026-09-27T07:51:42.000Z</time><extensions><gpxtpx:TrackPointExtension><gpxtpx:hr>163</gpxtpx:hr></gpxtpx:TrackPointExtension></extensions></trkpt>
<trkpt lat="51.499488" lon="-0.129296"><ele>28.2</ele><time>2026-09-27T07:51:45.000Z</time><extensions><gpxtpx:TrackPointExtension><gpxtpx:hr>164</gpxtpx:hr></gpxtpx:TrackPointExtension></extensions></trkpt>
<trkpt lat="51.499466" lon="-0.129184"><ele>27.8</ele><time>2026-09-27T07:51:48.000Z</time><extensions><gpxtpx:TrackPointExtension><gpxtpx:hr>165</gpxtpx:hr></gpxtpx:TrackPointExtension></extensions></trkpt>
<trkpt lat="51.499446" lon="-0.129071"><ele>27.4</ele><time>2026-09-27T07:51:51.000Z</time><extensions><gpxtpx:TrackPointExtension><gpxtpx:hr>165</gpxtpx:hr></gpxtpx:TrackPointExtension></extensions></trkpt>
<trkpt lat="51.499428" lon="-0.128957"><ele>27.0</ele><time>2026-09-27T07:51:54.000Z</time><extensions><gpxtpx:TrackPointExtension><gpxtpx:hr>166</gpxtpx:hr></gpxtpx:TrackPointExtension></extensions></trkpt>
<trkpt lat="51.499411" lon="-0.128843"><ele>26.6</ele><time>2026-09-27T07:51:57.000Z</time><extensions><gpxtpx:TrackPointExtension><gpxtpx:hr>166</gpxtpx:hr></gpxtpx:TrackPointExtension></extensions></trkpt>
<trkpt lat="51.499397" lon="-0.128729"><ele>26.3</ele><time>2026-09-27T07:52:00.000Z</time><extensions><gpxtpx:TrackPointExtension><gpxtpx:hr>167</gpxtpx:hr></gpxtpx:TrackPointExtension></extensions></trkpt>
<trkpt lat="51.499383" lon="-0.128613"><ele>25.9</ele><time>2026-09-27T07:52:04.000Z</time><extensions><gpxtpx:TrackPointExtension><gpxtpx:hr>168</gpxtpx:hr></gpxtpx:TrackPointExtension></extensions></trkpt>
<trkpt lat="51.499372" lon="-0.128498"><ele>25.6</ele><time>2026-09-27T07:52:07.000Z</time><extensions><gpxtpx:TrackPointExtension><gpxtpx:hr>168</gpxtpx:hr></gpxtpx:TrackPointExtension></extensions></trkpt>
<trkpt lat="51.499362" lon="-0.128382"><ele>25.3</ele><time>2026-09-27T07:52:10.000Z</time><extensions><gpxtpx:TrackPointExtension><gpxtpx:hr>169</gpxtpx:hr></gpxtpx:TrackPointExtension></extensions></trkpt>
<trkpt lat="51.499354" lon="-0.128266"><ele>25.0</ele><time>2026-09-27T07:52:13.000Z</time><extensions><gpxtpx:TrackPointExtension><gpxtpx:hr>170</gpxtpx:hr></gpxtpx:TrackPointExtension></extensions></trkpt>
<trkpt lat="51.499348" lon="-0.128150"><ele>24.8</ele><time>2026-09-27T07:52:16.000Z</time><extensions><gpxtpx:TrackPointExtension><gpxtpx:hr>170</gpxtpx:hr></gpxtpx:TrackPointExtension></extensions></trkpt>
<trkpt lat="51.499344" lon="-0.128033"><ele>24.5</ele><time>2026-09-27T07:52:19.000Z</time><extensions><gpxtpx:TrackPointExtension><gpxtpx:hr>171</gpxtpx:hr></gpxtpx:TrackPointExtension></extensions></trkpt>
<trkpt lat="51.499341" lon="-0.127917"><ele>24.3</ele><time>2026-09-27T07:52:22.000Z</time><extensions><gpxtpx:TrackPointExtension><gpxtpx:hr>172</gpxtpx:hr></gpxtpx:TrackPointExtension></extensions></trkpt>
<trkpt lat="51.499340" lon="-0.127800"><ele>24.1</ele><time>2026-09-27T07:52:25.000Z</time><extensions><gpxtpx:TrackPointExtension><gpxtpx:hr>172</gpxtpx:hr></gpxtpx:TrackPointExtension></extensions></trkpt>
<trkpt lat="51.499341" lon="-0.127683"><ele>23.9</ele><time>2026-09-27T07:52:28.000Z</time><extensions><gpxtpx:TrackPointExtension><gpxtpx:hr>173</gpxtpx:hr></gpxtpx:TrackPointExtension></extensions></trkpt>
<trkpt lat="51.499344" lon="-0.127567"><ele>23.7</ele><time>2026-09-27T07:52:31.000Z</time><extensions><gpxtpx:TrackPointExtension><gpxtpx:hr>174</gpxtpx:hr></gpxtpx:TrackPointExtension></extensions></trkpt>
<trkpt lat="51.499348" lon="-0.127450"><ele>23.6</ele><time>2026-09-27T07:52:34.000Z</time><extensions><gpxtpx:TrackPointExtension><gpxtpx:hr>174</gpxtpx:hr></gpxtpx:TrackPointExtension></extensions></trkpt>
<trkpt lat="51.499354" lon="-0.127334"><ele>23.4</ele><time>2026-09-27T07:52:37.000Z</time><extensions><gpxtpx:TrackPointExtension><gpxtpx:hr>175</gpxtpx:hr></gpxtpx:TrackPointExtension></extensions></trkpt>
<trkpt lat="51.499362" lon="-0.127218"><ele>23.3</ele><time>2026-09-27T07:52:40.000Z</time><extensions><gpxtpx:TrackPointExtension><gpxtpx:hr>176</gpxtpx:hr></gpxtpx:TrackPointExtension></extensions></trkpt>
<trkpt lat="51.499372" lon="-0.127102"><ele>23.2</ele><time>2026-09-27T07:52:42.000Z</time><extensions><gpxtpx:TrackPointExtension><gpxtpx:hr>176</gpxtpx:hr></gpxtpx:TrackPointExtension></extensions></trkpt>
<trkpt lat="51.499383" lon="-0.126987"><ele>23.1</ele><time>2026-09-27T07:52:45.000Z</time><extensions><gpxtpx:TrackPointExtension><gpxtpx:hr>177</gpxtpx:hr></gpxtpx:TrackPointExtension></extensions></trkpt>
<trkpt lat="51.499397" lon="-0.126871"><ele>23.1</ele><time>2026-09-27T07:52:48.000Z</time><extensions><gpxtpx:TrackPointExtension><gpxtpx:hr>178</gpxtpx:hr></gpxtpx:TrackPointExtension></extensions></trkpt>
<trkpt lat="51.499411" lon="-0.126757"><ele>23.0</ele><time>2026-09-27T07:52:51.000Z</time><extensions><gpxtpx:TrackPointExtension><gpxtpx:hr>178</gpxtpx:hr></gpxtpx:TrackPointExtension></extensions></trkpt>
<trkpt lat="51.499428" lon="-0.126643"><ele>23.0</ele><time>2026-09-27T07:52:54.000Z</time><extensions><gpxtpx:TrackPointExtension><gpxtpx:hr>179</gpxtpx:hr></gpxtpx:TrackPointExtension></extensions></trkpt>
<trkpt lat="51.499446" lon="-0.126529"><ele>23.0</ele><time>2026-09-27T07:52:57.000Z</time><extensions><gpxtpx:TrackPointExtension><gpxtpx:hr>180</gpxtpx:hr></gpxtpx:TrackPointExtension></extensions></trkpt>
<trkpt lat="51.499466" lon="-0.126416"><ele>23.0</ele><time>2026-09-27T07:53:00.000Z</time><extensions><gpxtpx:TrackPointExtension><gpxtpx:hr>180</gpxtpx:hr></gpxtpx:TrackPointExtension></extensions></trkpt>
<trkpt lat="51.499488" lon="-0.126304"><ele>23.0</ele><time>2026-09-27T07:53:03.000Z</time><extensions><gpxtpx:TrackPointExtension><gpxtpx:hr>181</gpxtpx:hr></gpxtpx:TrackPointExtension></extensions></trkpt>
<trkpt lat="51.499512" lon="-0.126193"><ele>23.1</ele><time>2026-09-27T07:53:06.000Z</time><extensions><gpxtpx:TrackPointExtension><gpxtpx:hr>181</gpxtpx:hr></gpxtpx:TrackPointExtension></extensions></trkpt>
<trkpt lat="51.499537" lon="-0.126082"><ele>23.1</ele><time>2026-09-27T07:53:09.000Z</time><extensions><gpxtpx:TrackPointExtension><gpxtpx:hr>182</gpxtpx:hr></gpxtpx:TrackPointExtension></extensions></trkpt>
<trkpt lat="51.499563" lon="-0.125972"><ele>23.1</ele><time>2026-09-27T07:53:12.000Z</time><extensions><gpxtpx:TrackPointExtension><gpxtpx:hr>183</gpxtpx:hr></gpxtpx:TrackPointExtension></extensions></trkpt>
<trkpt lat="51.499591" lon="-0.125863"><ele>23.2</ele><time>2026-09-27T07:53:14.000Z</time><extensions><gpxtpx:TrackPointExtension><gpxtpx:hr>183</gpxtpx:hr></gpxtpx:TrackPointExtension></extensions></trkpt>
<trkpt lat="51.499621" lon="-0.125755"><ele>23.3</ele><time>2026-09-27T07:53:17.000Z</time><extensions><gpxtpx:TrackPointExtension><gpxtpx:hr>184</gpxtpx:hr></gpxtpx:TrackPointExtension></extensions></trkpt>
<trkpt lat="51.499653" lon="-0.125648"><ele>23.4</ele><time>2026-09-27T07:53:20.000Z</time><extensions><gpxtpx:TrackPointExtension><gpxtpx:hr>185</gpxtpx:hr></gpxtpx:TrackPointExtension></extensions></trkpt>
<trkpt lat="51.499685" lon="-0.125542"><ele>23.5</ele><time>2026-09-27T07:53:23.000Z</time><extensions><gpxtpx:TrackPointExtension><gpxtpx:hr>185</gpxtpx:hr></gpxtpx:TrackPointExtension></extensions></trkpt>
<trkpt lat="51.499720" lon="-0.125437"><ele>23.6</ele><time>2026-09-27T07:53:26.000Z</time><extensions><gpxtpx:TrackPointExtension><gpxtpx:hr>186</gpxtpx:hr></gpxtpx:TrackPointExtension></extensions></trkpt>
<trkpt lat="51.499756" lon="-0.125333"><ele>23.7</ele><time>2026-09-27T07:53:29.000Z</time><extensions><gpxtpx:TrackPointExtension><gpxtpx:hr>186</gpxtpx:hr></gpxtpx:TrackPointExtension></extensions></trkpt>
<trkpt lat="51.499793" lon="-0.125230"><ele>23.8</ele><time>2026-09-27T07:53:32.000Z</time><extensions><gpxtpx:TrackPointExtension><gpxtpx:hr>187</gpxtpx:hr></gpxtpx:TrackPointExtension></extensions></trkpt>
<trkpt lat="51.499832" lon="-0.125129"><ele>23.9</ele><time>2026-09-27T07:53:35.000Z</time><extensions><gpxtpx:TrackPointExtension><gpxtpx:hr>187</gpxtpx:hr></gpxtpx:TrackPointExtension></extensions></trkpt>
<trkpt lat="51.499872" lon="-0.125029"><ele>24.0</ele><time>2026-09-27T07:53:37.000Z</time><extensions><gpxtpx:TrackPointExtension><gpxtpx:hr>188</gpxtpx:hr></gpxtpx:TrackPointExtension></extensions></trkpt>
<trkpt lat="51.499913" lon="-0.124930"><ele>24.1</ele><time>2026-09-27T07:53:40.000Z</time><extensions><gpxtpx:TrackPointExtension><gpxtpx:hr>188</gpxtpx:hr></gpxtpx:TrackPointExtension></extensions></trkpt>
<trkpt lat="51.499956" lon="-0.124832"><ele>24.2</ele><time>2026-09-27T07:53:43.000Z</time><extensions><gpxtpx:TrackPointExtension><gpxtpx:hr>189</gpxtpx:hr></gpxtpx:TrackPointExtension></extensions></trkpt>
<trkpt lat="51.500000" lon="-0.124736"><ele>24.4</ele><time>2026-09-27T07:53:46.000Z</time><extensions><gpxtpx:TrackPointExtension><gpxtpx:hr>189</gpxtpx:hr></gpxtpx:TrackPointExtension></extensions></trkpt>
<trkpt lat="51.500045" lon="-0.124641"><ele>24.5</ele><time>2026-09-27T07:53:49.000Z</time><extensions><gpxtpx:TrackPointExtension><gpxtpx:hr>189</gpxtpx:hr></gpxtpx:TrackPointExtension></extensions></trkpt>
<trkpt lat="51.500092" lon="-0.124547"><ele>24.6</ele><time>2026-09-27T07:53:52.000Z</time><extensions><gpxtpx:TrackPointExtension><gpxtpx:hr>190</gpxtpx:hr></gpxtpx:TrackPointExtension></extensions></trkpt>
<trkpt lat="51.500140" lon="-0.124455"><ele>24.7</ele><time>2026-09-27T07:53:55.000Z</time><extensions><gpxtpx:TrackPointExtension><gpxtpx:hr>190</gpxtpx:hr></gpxtpx:TrackPointExtension></extensions></trkpt>
<trkpt lat="51.500189" lon="-0.124364"><ele>24.8</ele><time>2026-09-27T07:53:57.000Z</time><extensions><gpxtpx:TrackPointExtension><gpxtpx:hr>191</gpxtpx:hr></gpxtpx:TrackPointExtension></extensions></trkpt>
<trkpt lat="51.500239" lon="-0.124275"><ele>24.9</ele><time>2026-09-27T07:54:00.000Z</time><extensions><gpxtpx:TrackPointExtension><gpxtpx:hr>191</gpxtpx:hr></gpxtpx:TrackPointExtension></extensions></trkpt>
<trkpt lat="51.500290" lon="-0.124187"><ele>25.0</ele><time>2026-09-27T07:54:03.000Z</time><extensions><gpxtpx:TrackPointExtension><gpxtpx:hr>191</gpxtpx:hr></gpxtpx:TrackPointExtension></extensions></trkpt>
<trkpt lat="51.500342" lon="-0.124101"><ele>25.1</ele><time>2026-09-27T07:54:06.000Z</time><extensions><gpxtpx:TrackPointExtension><gpxtpx:hr>192</gpxtpx:hr></gpxtpx:TrackPointExtension></extensions></trkpt>
<trkpt lat="51.500395" lon="-0.124017"><ele>25.2</ele><time>2026-09-27T07:54:09.000Z</time><extensions><gpxtpx:TrackPointExtension><gpxtpx:hr>192</gpxtpx:hr></gpxtpx:TrackPointExtension></extensions></trkpt>
<trkpt lat="51.500450" lon="-0.123934"><ele>25.2</ele><time>2026-09-27T07:54:12.000Z</time><extensions><gpxtpx:TrackPointExtension><gpxtpx:hr>192</gpxtpx:hr></gpxtpx:TrackPointExtension></extensions></trkpt>
<trkpt lat="51.500505" lon="-0.123852"><ele>25.3</ele><time>2026-09-27T07:54:15.000Z</time><extensions><gpxtpx:TrackPointExtension><gpxtpx:hr>192</gpxtpx:hr></gpxtpx:TrackPointExtension></extensions></trkpt>
<trkpt lat="51.500561" lon="-0.123772"><ele>25.3</ele><time>2026-09-27T07:54:17.000Z</time><extensions><gpxtpx:TrackPointExtension><gpxtpx:hr>193</gpxtpx:hr></gpxtpx:TrackPointExtension></extensions></trkpt>
<trkpt lat="51.500617" lon="-0.123694"><ele>25.4</ele><time>2026-09-27T07:54:20.000Z</time><extensions><gpxtpx:TrackPointExtension><gpxtpx:hr>193</gpxtpx:hr></gpxtpx:TrackPointExtension></extensions></trkpt>
<trkpt lat="51.500675" lon="-0.123618"><ele>25.4</ele><time>2026-09-27T07:54:23.000Z</time><extensions><gpxtpx:TrackPointExtension><gpxtpx:hr>193</gpxtpx:hr></gpxtpx:TrackPointExtension></extensions></trkpt>
<trkpt lat="51.500734" lon="-0.123543"><ele>25.4</ele><time>2026-09-27T07:54:26.000Z</time><extensions><gpxtpx:TrackPointExtension><gpxtpx:hr>193</gpxtpx:hr></gpxtpx:TrackPointExtension></extensions></trkpt>
<trkpt lat="51.500793" lon="-0.123470"><ele>25.4</ele><time>2026-09-27T07:54:29.000Z</time><extensions><gpxtpx:TrackPointExtension><gpxtpx:hr>193</gpxtpx:hr></gpxtpx:TrackPointExtension></extensions></trkpt>
<trkpt lat="51.500853" lon="-0.123398"><ele>25.4</ele><time>2026-09-27T07:54:32.000Z</time><extensions><gpxtpx:TrackPointExtension><gpxtpx:hr>193</gpxtpx:hr></gpxtpx:TrackPointExtension></extensions></trkpt>
<trkpt lat="51.500913" lon="-0.123328"><ele>25.4</ele><time>2026-09-27T07:54:34.000Z</time><extensions><gpxtpx:TrackPointExtension><gpxtpx:hr>194</gpxtpx:hr></gpxtpx:TrackPointExtension></extensions></trkpt>
<trkpt lat="51.500974" lon="-0.123260"><ele>25.3</ele><time>2026-09-27T07:54:37.000Z</time><extensions><gpxtpx:TrackPointExtension><gpxtpx:hr>194</gpxtpx:hr></gpxtpx:TrackPointExtension></extensions></trkpt>
<trkpt lat="51.501036" lon="-0.123193"><ele>25.3</ele><time>2026-09-27T07:54:40.000Z</time><extensions><gpxtpx:TrackPointExtension><gpxtpx:hr>194</gpxtpx:hr></gpxtpx:TrackPointExtension></extensions></trkpt>
<trkpt lat="51.501098" lon="-0.123128"><ele>25.2</ele><time>2026-09-27T07:54:43.000Z</time><extensions><gpxtpx:TrackPointExtension><gpxtpx:hr>194</gpxtpx:hr></gpxtpx:TrackPointExtension></extensions></trkpt>
<trkpt lat="51.501161" lon="-0.123065"><ele>25.1</ele><time>2026-09-27T07:54:46.000Z</time><extensions><gpxtpx:TrackPointExtension><gpxtpx:hr>194</gpxtpx:hr></gpxtpx:TrackPointExtension></extensions></trkpt>
<trkpt lat="51.501224" lon="-0.123003"><ele>25.0</ele><time>2026-09-27T07:54:48.000Z</time><extensions><gpxtpx:TrackPointExtension><gpxtpx:hr>194</gpxtpx:hr></gpxtpx:TrackPointExtension></extensions></trkpt>
<trkpt lat="51.501287" lon="-0.122943"><ele>24.9</ele><time>2026-09-27T07:54:51.000Z</time><extensions><gpxtpx:TrackPointExtension><gpxtpx:hr>194</gpxtpx:hr></gpxtpx:TrackPointExtension></extensions></trkpt>
<trkpt lat="51.501351" lon="-0.122884"><ele>24.7</ele><time>2026-09-27T07:54:54.000Z</time><extensions><gpxtpx:TrackPointExtension><gpxtpx:hr>193</gpxtpx:hr></gpxtpx:TrackPointExtension></extensions></trkpt>
<trkpt lat="51.501416" lon="-0.122827"><ele>24.6</ele><time>2026-09-27T07:54:57.000Z</time><extensions><gpxtpx:TrackPointExtension><gpxtpx:hr>193</gpxtpx:hr></gpxtpx:TrackPointExtension></extensions></trkpt>
<trkpt lat="51.501480" lon="-0.122772"><ele>24.4</ele><time>2026-09-27T07:55:00.000Z</time><extensions><gpxtpx:TrackPointExtension><gpxtpx:hr>193</gpxtpx:hr></gpxtpx:TrackPointExtension></extensions></trkpt>
<trkpt lat="51.501545" lon="-0.122718"><ele>24.2</ele><time>2026-09-27T07:55:02.000Z</time><extensions><gpxtpx:TrackPointExtension><gpxtpx:hr>193</gpxtpx:hr></gpxtpx:TrackPointExtension></extensions></trkpt>
<trkpt lat="51.501610" lon="-0.122666"><ele>24.0</ele><time>2026-09-27T07:55:05.000Z</time><extensions><gpxtpx:TrackPointExtension><gpxtpx:hr>193</gpxtpx:hr></gpxtpx:TrackPointExtension></extensions></trkpt>
<trkpt lat="51.501675" lon="-0.122615"><ele>23.8</ele><time>2026-09-27T07:55:08.000Z</time><extensions><gpxtpx:TrackPointExtension><gpxtpx:hr>193</gpxtpx:hr></gpxtpx:TrackPointExtension></extensions></trkpt>
<trkpt lat="51.501740" lon="-0.122566"><ele>23.6</ele><time>2026-09-27T07:55:11.000Z</time><extensions><gpxtpx:TrackPointExtension><gpxtpx:hr>193</gpxtpx:hr></gpxtpx:TrackPointExtension></extensions></trkpt>
<trkpt lat="51.501806" lon="-0.122518"><ele>23.4</ele><time>2026-09-27T07:55:13.000Z</time><extensions><gpxtpx:TrackPointExtension><gpxtpx:hr>192</gpxtpx:hr></gpxtpx:TrackPointExtension></extensions></trkpt>
<trkpt lat="51.501871" lon="-0.122472"><ele>23.1</ele><time>2026-09-27T07:55:16.000Z</time><extensions><gpxtpx:TrackPointExtension><gpxtpx:hr>192</gpxtpx:hr></gpxtpx:TrackPointExtension></extensions></trkpt>
<trkpt lat="51.501937" lon="-0.122427"><ele>22.8</ele><time>2026-09-27T07:55:19.000Z</time><extensions><gpxtpx:TrackPointExtension><gpxtpx:hr>192</gpxtpx:hr></gpxtpx:TrackPointExtension></extensions></trkpt>
<trkpt lat="51.502002" lon="-0.122384"><ele>22.5</ele><time>2026-09-27T07:55:22.000Z</time><extensions><gpxtpx:TrackPointExtension><gpxtpx:hr>192</gpxtpx:hr></gpxtpx:TrackPointExtension></extensions></trkpt>
<trkpt lat="51.502067" lon="-0.122342"><ele>22.2</ele><time>2026-09-27T07:55:24.000Z</time><extensions><gpxtpx:TrackPointExtension><gpxtpx:hr>191</gpxtpx:hr></gpxtpx:TrackPointExtension></extensions></trkpt>
<trkpt lat="51.502133" lon="-0.122301"><ele>21.9</ele><time>2026-09-27T07:55:27.000Z</time><extensions><gpxtpx:TrackPointExtension><gpxtpx:hr>191</gpxtpx:hr></gpxtpx:TrackPointExtension></extensions></trkpt>
<trkpt lat="51.502198" lon="-0.122261"><ele>21.6</ele><time>2026-09-27T07:55:30.000Z</time><extensions><gpxtpx:TrackPointExtension><gpxtpx:hr>191</gpxtpx:hr></gpxtpx:TrackPointExtension></extensions></trkpt>
<trkpt lat="51.502263" lon="-0.122223"><ele>21.3</ele><time>2026-09-27T07:55:32.000Z</time><extensions><gpxtpx:TrackPointExtension><gpxtpx:hr>190</gpxtpx:hr></gpxtpx:TrackPointExtension></extensions></trkpt>
<trkpt lat="51.502328" lon="-0.122186"><ele>20.9</ele><time>2026-09-27T07:55:35.000Z</time><extensions><gpxtpx:TrackPointExtension><gpxtpx:hr>190</gpxtpx:hr></gpxtpx:TrackPointExtension></extensions></trkpt>
<trkpt lat="51.502392" lon="-0.122151"><ele>20.6</ele><time>2026-09-27T07:55:38.000Z</time><extensions><gpxtpx:TrackPointExtension><gpxtpx:hr>189</gpxtpx:hr></gpxtpx:TrackPointExtension></extensions></trkpt>
<trkpt lat="51.502457" lon="-0.122116"><ele>20.2</ele><time>2026-09-27T07:55:40.000Z</time><extensions><gpxtpx:TrackPointExtension><gpxtpx:hr>189</gpxtpx:hr></gpxtpx:TrackPointExtension></extensions></trkpt>
<trkpt lat="51.502521" lon="-0.122082"><ele>19.9</ele><time>2026-09-27T07:55:43.000Z</time><extensions><gpxtpx:TrackPointExtension><gpxtpx:hr>189</gpxtpx:hr></gpxtpx:TrackPointExtension></extensions></trkpt>
<trkpt lat="51.502585" lon="-0.122050"><ele>19.5</ele><time>2026-09-27T07:55:46.000Z</time><extensions><gpxtpx:TrackPointExtension><gpxtpx:hr>188</gpxtpx:hr></gpxtpx:TrackPointExtension></extensions></trkpt>
<trkpt lat="51.502648" lon="-0.122018"><ele>19.1</ele><time>2026-09-27T07:55:48.000Z</time><extensions><gpxtpx:TrackPointExtension><gpxtpx:hr>188</gpxtpx:hr></gpxtpx:TrackPointExtension></extensions></trkpt>
<trkpt lat="51.502711" lon="-0.121988"><ele>18.7</ele><time>2026-09-27T07:55:51.000Z</time><extensions><gpxtpx:TrackPointExtension><gpxtpx:hr>187</gpxtpx:hr></gpxtpx:TrackPointExtension></extensions></trkpt>
<trkpt lat="51.502774" lon="-0.121958"><ele>18.3</ele><time>2026-09-27T07:55:53.000Z</time><extensions><gpxtpx:TrackPointExtension><gpxtpx:hr>187</gpxtpx:hr></gpxtpx:TrackPointExtension></extensions></trkpt>
<trkpt lat="51.502836" lon="-0.121930"><ele>18.0</ele><time>2026-09-27T07:55:56.000Z</time><extensions><gpxtpx:TrackPointExtension><gpxtpx:hr>186</gpxtpx:hr></gpxtpx:TrackPointExtension></extensions></trkpt>
<trkpt lat="51.502898" lon="-0.121902"><ele>17.6</ele><time>2026-09-27T07:55:59.000Z</time><extensions><gpxtpx:TrackPointExtension><gpxtpx:hr>186</gpxtpx:hr></gpxtpx:TrackPointExtension></extensions></trkpt>
<trkpt lat="51.502959" lon="-0.121875"><ele>17.2</ele><time>2026-09-27T07:56:01.000Z</time><extensions><gpxtpx:TrackPointExtension><gpxtpx:hr>185</gpxtpx:hr></gpxtpx:TrackPointExtension></extensions></trkpt>
<trkpt lat="51.503020" lon="-0.121848"><ele>16.8</ele><time>2026-09-27T07:56:04.000Z</time><extensions><gpxtpx:TrackPointExtension><gpxtpx:hr>185</gpxtpx:hr></gpxtpx:TrackPointExtension></extensions></trkpt>
<trkpt lat="51.503081" lon="-0.121823"><ele>16.4</ele><time>2026-09-27T07:56:06.000Z</time><extensions><gpxtpx:TrackPointExtension><gpxtpx:hr>184</gpxtpx:hr></gpxtpx:TrackPointExtension></extensions></trkpt>
<trkpt lat="51.503141" lon="-0.121798"><ele>16.0</ele><time>2026-09-27T07:56:09.000Z</time><extensions><gpxtpx:TrackPointExtension><gpxtpx:hr>183</gpxtpx:hr></gpxtpx:TrackPointExtension></extensions></trkpt>
<trkpt lat="51.503200" lon="-0.121773"><ele>15.7</ele><time>2026-09-27T07:56:11.000Z</time><extensions><gpxtpx:TrackPointExtension><gpxtpx:hr>183</gpxtpx:hr></gpxtpx:TrackPointExtension></extensions></trkpt>
<trkpt lat="51.503259" lon="-0.121749"><ele>15.3</ele><time>2026-09-27T07:56:14.000Z</time><extensions><gpxtpx:TrackPointExtension><gpxtpx:hr>182</gpxtpx:hr></gpxtpx:TrackPointExtension></extensions></trkpt>
<trkpt lat="51.503317" lon="-0.121726"><ele>14.9</ele><time>2026-09-27T07:56:16.000Z</time><extensions><gpxtpx:TrackPointExtension><gpxtpx:hr>182</gpxtpx:hr></gpxtpx:TrackPointExtension></extensions></trkpt>
<trkpt lat="51.503375" lon="-0.121703"><ele>14.6</ele><time>2026-09-27T07:56:18.000Z</time><extensions><gpxtpx:TrackPointExtension><gpxtpx:hr>181</gpxtpx:hr></gpxtpx:TrackPointExtension></extensions></trkpt>
<trkpt lat="51.503432" lon="-0.121681"><ele>14.2</ele><time>2026-09-27T07:56:21.000Z</time><extensions><gpxtpx:TrackPointExtension><gpxtpx:hr>181</gpxtpx:hr></gpxtpx:TrackPointExtension></extensions></trkpt>
<trkpt lat="51.503488" lon="-0.121658"><ele>13.9</ele><time>2026-09-27T07:56:23.000Z</time><extensions><gpxtpx:TrackPointExtension><gpxtpx:hr>180</gpxtpx:hr></gpxtpx:TrackPointExtension></extensions></trkpt>
<trkpt lat="51.503544" lon="-0.121636"><ele>13.6</ele><time>2026-09-27T07:56:26.000Z</time><extensions><gpxtpx:TrackPointExtension><gpxtpx:hr>179</gpxtpx:hr></gpxtpx:TrackPointExtension></extensions></trkpt>
<trkpt lat="51.503599" lon="-0.121615"><ele>13.3</ele><time>2026-09-27T07:56:28.000Z</time><extensions><gpxtpx:TrackPointExtension><gpxtpx:hr>179</gpxtpx:hr></gpxtpx:TrackPointExtension></extensions></trkpt>
<trkpt lat="51.503654" lon="-0.121593"><ele>13.0</ele><time>2026-09-27T07:56:30.000Z</time><extensions><gpxtpx:TrackPointExtension><gpxtpx:hr>178</gpxtpx:hr></gpxtpx:TrackPointExtension></extensions></trkpt>
<trkpt lat="51.503708" lon="-0.121571"><ele>12.7</ele><time>2026-09-27T07:56:33.000Z</time><extensions><gpxtpx:TrackPointExtension><gpxtpx:hr>178</gpxtpx:hr></gpxtpx:TrackPointExtension></extensions></trkpt>
<trkpt lat="51.503761" lon="-0.121550"><ele>12.4</ele><time>2026-09-27T07:56:35.000Z</time><extensions><gpxtpx:TrackPointExtension><gpxtpx:hr>177</gpxtpx:hr></gpxtpx:TrackPointExtension></extensions></trkpt>
<trkpt lat="51.503814" lon="-0.121529"><ele>12.2</ele><time>2026-09-27T07:56:37.000Z</time><extensions><gpxtpx:TrackPointExtension><gpxtpx:hr>176</gpxtpx:hr></gpxtpx:TrackPointExtension></extensions></trkpt>
<trkpt lat="51.503866" lon="-0.121507"><ele>11.9</ele><time>2026-09-27T07:56:39.000Z</time><extensions><gpxtpx:TrackPointExtension><gpxtpx:hr>176</gpxtpx:hr></gpxtpx:TrackPointExtension></extensions></trkpt>
<trkpt lat="51.503917" lon="-0.121486"><ele>11.7</ele><time>2026-09-27T07:56:42.000Z</time><extensions><gpxtpx:TrackPointExtension><gpxtpx:hr>175</gpxtpx:hr></gpxtpx:TrackPointExtension></extensions></trkpt>
<trkpt lat="51.503968" lon="-0.121464"><ele>11.5</ele><time>2026-09-27T07:56:44.000Z</time><extensions><gpxtpx:TrackPointExtension><gpxtpx:hr>175</gpxtpx:hr></gpxtpx:TrackPointExtension></extensions></trkpt>
<trkpt lat="51.504018" lon="-0.121442"><ele>11.4</ele><time>2026-09-27T07:56:46.000Z</time><extensions><gpxtpx:TrackPointExtension><gpxtpx:hr>174</gpxtpx:hr></gpxtpx:TrackPointExtension></extensions></trkpt>
<trkpt lat="51.504067" lon="-0.121420"><ele>11.2</ele><time>2026-09-27T07:56:48.000Z</time><extensions><gpxtpx:TrackPointExtension><gpxtpx:hr>173</gpxtpx:hr></gpxtpx:TrackPointExtension></extensions></trkpt>
<trkpt lat="51.504116" lon="-0.121398"><ele>11.1</ele><time>2026-09-27T07:56:50.000Z</time><extensions><gpxtpx:TrackPointExtension><gpxtpx:hr>173</gpxtpx:hr></gpxtpx:TrackPointExtension></extensions></trkpt>
<trkpt lat="51.504164" lon="-0.121375"><ele>11.0</ele><time>2026-09-27T07:56:53.000Z</time><extensions><gpxtpx:TrackPointExtension><gpxtpx:hr>172</gpxtpx:hr></gpxtpx:TrackPointExtension></extensions></trkpt>
<trkpt lat="51.504212" lon="-0.121352"><ele>10.9</ele><time>2026-09-27T07:56:55.000Z</time><extensions><gpxtpx:TrackPointExtension><gpxtpx:hr>172</gpxtpx:hr></gpxtpx:TrackPointExtension></extensions></trkpt>
<trkpt lat="51.504259" lon="-0.121328"><ele>10.8</ele><time>2026-09-27T07:56:57.000Z</time><extensions><gpxtpx:TrackPointExtension><gpxtpx:hr>171</gpxtpx:hr></gpxtpx:TrackPointExtension></extensions></trkpt>
<trkpt lat="51.504305" lon="-0.121304"><ele>10.7</ele><time>2026-09-27T07:56:59.000Z</time><extensions><gpxtpx:TrackPointExtension><gpxtpx:hr>170</gpxtpx:hr></gpxtpx:TrackPointExtension></extensions></trkpt>
<trkpt lat="51.504351" lon="-0.121280"><ele>10.7</ele><time>2026-09-27T07:57:01.000Z</time><extensions><gpxtpx:TrackPointExtension><gpxtpx:hr>170</gpxtpx:hr></gpxtpx:TrackPointExtension></extensions></trkpt>
<trkpt lat="51.504396" lon="-0.121255"><ele>10.7</ele><time>2026-09-27T07:57:03.000Z</time><extensions><gpxtpx:TrackPointExtension><gpxtpx:hr>169</gpxtpx:hr></gpxtpx:TrackPointExtension></extensions></trkpt>
<trkpt lat="51.504440" lon="-0.121229"><ele>10.7</ele><time>2026-09-27T07:57:05.000Z</time><extensions><gpxtpx:TrackPointExtension><gpxtpx:hr>169</gpxtpx:hr></gpxtpx:TrackPointExtension></extensions></trkpt>
<trkpt lat="51.504484" lon="-0.121203"><ele>10.8</ele><time>2026-09-27T07:57:07.000Z</time><extensions><gpxtpx:TrackPointExtension><gpxtpx:hr>168</gpxtpx:hr></gpxtpx:TrackPointExtension></extensions></trkpt>
<trkpt lat="51.504527" lon="-0.121175"><ele>10.8</ele><time>2026-09-27T07:57:09.000Z</time><extensions><gpxtpx:TrackPointExtension><gpxtpx:hr>168</gpxtpx:hr></gpxtpx:TrackPointExtension></extensions></trkpt>
<trkpt lat="51.504570" lon="-0.121148"><ele>10.9</ele><time>2026-09-27T07:57:12.000Z</time><extensions><gpxtpx:TrackPointExtension><gpxtpx:hr>167</gpxtpx:hr></gpxtpx:TrackPointExtension></extensions></trkpt>
<trkpt lat="51.504612" lon="-0.121119"><ele>11.1</ele><time>2026-09-27T07:57:14.000Z</time><extensions><gpxtpx:TrackPointExtension><gpxtpx:hr>167</gpxtpx:hr></gpxtpx:TrackPointExtension></extensions></trkpt>
<trkpt lat="51.504654" lon="-0.121090"><ele>11.2</ele><time>2026-09-27T07:57:16.000Z</time><extensions><gpxtpx:TrackPointExtension><gpxtpx:hr>166</gpxtpx:hr></gpxtpx:TrackPointExtension></extensions></trkpt>
<trkpt lat="51.504695" lon="-0.121060"><ele>11.4</ele><time>2026-09-27T07:57:18.000Z</time><extensions><gpxtpx:TrackPointExtension><gpxtpx:hr>166</gpxtpx:hr></gpxtpx:TrackPointExtension></extensions></trkpt>
<trkpt lat="51.504736" lon="-0.121029"><ele>11.6</ele><time>2026-09-27T07:57:20.000Z</time><extensions><gpxtpx:TrackPointExtension><gpxtpx:hr>165</gpxtpx:hr></gpxtpx:TrackPointExtension></extensions></trkpt>
<trkpt lat="51.504776" lon="-0.120997"><ele>11.8</ele><time>2026-09-27T07:57:22.000Z</time><extensions><gpxtpx:TrackPointExtension><gpxtpx:hr>165</gpxtpx:hr></gpxtpx:TrackPointExtension></extensions></trkpt>
<trkpt lat="51.504816" lon="-0.120964"><ele>12.0</ele><time>2026-09-27T07:57:24.000Z</time><extensions><gpxtpx:TrackPointExtension><gpxtpx:hr>165</gpxtpx:hr></gpxtpx:TrackPointExtension></extensions></trkpt>
<trkpt lat="51.504855" lon="-0.120930"><ele>12.3</ele><time>2026-09-27T07:57:26.000Z</time><extensions><gpxtpx:TrackPointExtension><gpxtpx:hr>164</gpxtpx:hr></gpxtpx:TrackPointExtension></extensions></trkpt>
<trkpt lat="51.504894" lon="-0.120896"><ele>12.5</ele><time>2026-09-27T07:57:28.000Z</time><extensions><gpxtpx:TrackPointExtension><gpxtpx:hr>164</gpxtpx:hr></gpxtpx:TrackPointExtension></extensions></trkpt>
<trkpt lat="51.504933" lon="-0.120860"><ele>12.8</ele><time>2026-09-27T07:57:30.000Z</time><extensions><gpxtpx:TrackPointExtension><gpxtpx:hr>164</gpxtpx:hr></gpxtpx:TrackPointExtension></extensions></trkpt>
<trkpt lat="51.504971" lon="-0.120823"><ele>13.1</ele><time>2026-09-27T07:57:32.000Z</time><extensions><gpxtpx:TrackPointExtension><gpxtpx:hr>163</gpxtpx:hr></gpxtpx:TrackPointExtension></extensions></trkpt>
<trkpt lat="51.505009" lon="-0.120785"><ele>13.5</ele><time>2026-09-27T07:57:34.000Z</time><extensions><gpxtpx:TrackPointExtension><gpxtpx:hr>163</gpxtpx:hr></gpxtpx:TrackPointExtension></extensions></trkpt>
<trkpt lat="51.505047" lon="-0.120746"><ele>13.8</ele><time>2026-09-27T07:57:36.000Z</time><extensions><gpxtpx:TrackPointExtension><gpxtpx:hr>163</gpxtpx:hr></gpxtpx:TrackPointExtension></extensions></trkpt>
<trkpt lat="51.505084" lon="-0.120706"><ele>14.2</ele><time>2026-09-27T07:57:38.000Z</time><extensions><gpxtpx:TrackPointExtension><gpxtpx:hr>162</gpxtpx:hr></gpxtpx:TrackPointExtension></extensions></trkpt>
<trkpt lat="51.505121" lon="-0.120665"><ele>14.6</ele><time>2026-09-27T07:57:40.000Z</time><extensions><gpxtpx:TrackPointExtension><gpxtpx:hr>162</gpxtpx:hr></gpxtpx:TrackPointExtension></extensions></trkpt>
<trkpt lat="51.505158" lon="-0.120623"><ele>15.0</ele><time>2026-09-27T07:57:42.000Z</time><extensions><gpxtpx:TrackPointExtension><gpxtpx:hr>162</gpxtpx:hr></gpxtpx:TrackPointExtension></extensions></trkpt>
<trkpt lat="51.505195" lon="-0.120580"><ele>15.4</ele><time>2026-09-27T07:57:44.000Z</time><extensions><gpxtpx:TrackPointExtension><gpxtpx:hr>162</gpxtpx:hr></gpxtpx:TrackPointExtension></extensions></trkpt>
<trkpt lat="51.505231" lon="-0.120536"><ele>15.9</ele><time>2026-09-27T07:57:46.000Z</time><extensions><gpxtpx:TrackPointExtension><gpxtpx:hr>161</gpxtpx:hr></gpxtpx:TrackPointExtension></extensions></trkpt>
<trkpt lat="51.505267" lon="-0.120490"><ele>16.3</ele><time>2026-09-27T07:57:49.000Z</time><extensions><gpxtpx:TrackPointExtension><gpxtpx:hr>161</gpxtpx:hr></gpxtpx:TrackPointExtension></extensions></trkpt>
<trkpt lat="51.505304" lon="-0.120444"><ele>16.8</ele><time>2026-09-27T07:57:51.000Z</time><extensions><gpxtpx:TrackPointExtension><gpxtpx:hr>161</gpxtpx:hr></gpxtpx:TrackPointExtension></extensions></trkpt>
<trkpt lat="51.505340" lon="-0.120396"><ele>17.3</ele><time>2026-09-27T07:57:53.000Z</time><extensions><gpxtpx:TrackPointExtension><gpxtpx:hr>161</gpxtpx:hr></gpxtpx:TrackPointExtension></extensions></trkpt>
<trkpt lat="51.505376" lon="-0.120347"><ele>17.8</ele><time>2026-09-27T07:57:55.000Z</time><extensions><gpxtpx:TrackPointExtension><gpxtpx:hr>161</gpxtpx:hr></gpxtpx:TrackPointExtension></extensions></trkpt>
<trkpt lat="51.505412" lon="-0.120297"><ele>18.3</ele><time>2026-09-27T07:57:57.000Z</time><extensions><gpxtpx:TrackPointExtension><gpxtpx:hr>161</gpxtpx:hr></gpxtpx:TrackPointExtension></extensions></trkpt>
<trkpt lat="51.505448" lon="-0.120246"><ele>18.8</ele><time>2026-09-27T07:58:00.000Z</time><extensions><gpxtpx:TrackPointExtension><gpxtpx:hr>161</gpxtpx:hr></gpxtpx:TrackPointExtension></extensions></trkpt>
<trkpt lat="51.505484" lon="-0.120194"><ele>19.3</ele><time>2026-09-27T07:58:02.000Z</time><extensions><gpxtpx:TrackPointExtension><gpxtpx:hr>161</gpxtpx:hr></gpxtpx:TrackPointExtension></extensions></trkpt>
<trkpt lat="51.505520" lon="-0.120141"><ele>19.8</ele><time>2026-09-27T07:58:04.000Z</time><extensions><gpxtpx:TrackPointExtension><gpxtpx:hr>161</gpxtpx:hr></gpxtpx:TrackPointExtension></extensions></trkpt>
<trkpt lat="51.505556" lon="-0.120086"><ele>20.3</ele><time>2026-09-27T07:58:06.000Z</time><extensions><gpxtpx:TrackPointExtension><gpxtpx:hr>161</gpxtpx:hr></gpxtpx:TrackPointExtension></extensions></trkpt>
<trkpt lat="51.505592" lon="-0.120031"><ele>20.9</ele><time>2026-09-27T07:58:09.000Z</time><extensions><gpxtpx:TrackPointExtension><gpxtpx:hr>161</gpxtpx:hr></gpxtpx:TrackPointExtension></extensions></trkpt>
<trkpt lat="51.505629" lon="-0.119974"><ele>21.4</ele><time>2026-09-27T07:58:11.000Z</time><extensions><gpxtpx:TrackPointExtension><gpxtpx:hr>161</gpxtpx:hr></gpxtpx:TrackPointExtension></extensions></trkpt>
<trkpt lat="51.505665" lon="-0.119916"><ele>21.9</ele><time>2026-09-27T07:58:14.000Z</time><extensions><gpxtpx:TrackPointExtension><gpxtpx:hr>161</gpxtpx:hr></gpxtpx:TrackPointExtension></extensions></trkpt>
<trkpt lat="51.505702" lon="-0.119858"><ele>22.5</ele><time>2026-09-27T07:58:16.000Z</time><extensions><gpxtpx:TrackPointExtension><gpxtpx:hr>161</gpxtpx:hr></gpxtpx:TrackPointExtension></extensions></trkpt>
<trkpt lat="51.505739" lon="-0.119798"><ele>23.0</ele><time>2026-09-27T07:58:18.000Z</time><extensions><gpxtpx:TrackPointExtension><gpxtpx:hr>161</gpxtpx:hr></gpxtpx:TrackPointExtension></extensions></trkpt>
<trkpt lat="51.505776" lon="-0.119737"><ele>23.5</ele><time>2026-09-27T07:58:21.000Z</time><extensions><gpxtpx:TrackPointExtension><gpxtpx:hr>161</gpxtpx:hr></gpxtpx:TrackPointExtension></extensions></trkpt>
<trkpt lat="51.505813" lon="-0.119676"><ele>24.1</ele><time>2026-09-27T07:58:23.000Z</time><extensions><gpxtpx:TrackPointExtension><gpxtpx:hr>161</gpxtpx:hr></gpxtpx:TrackPointExtension></extensions></trkpt>
<trkpt lat="51.505851" lon="-0.119613"><ele>24.6</ele><time>2026-09-27T07:58:26.000Z</time><extensions><gpxtpx:TrackPointExtension><gpxtpx:hr>161</gpxtpx:hr></gpxtpx:TrackPointExtension></extensions></trkpt>
<trkpt lat="51.505889" lon="-0.119550"><ele>25.1</ele><time>2026-09-27T07:58:28.000Z</time><extensions><gpxtpx:TrackPointExtension><gpxtpx:hr>162</gpxtpx:hr></gpxtpx:TrackPointExtension></extensions></trkpt>
<trkpt lat="51.505927" lon="-0.119485"><ele>25.6</ele><time>2026-09-27T07:58:31.000Z</time><extensions><gpxtpx:TrackPointExtension><gpxtpx:hr>162</gpxtpx:hr></gpxtpx:TrackPointExtension></extensions></trkpt>
<trkpt lat="51.505966" lon="-0.119420"><ele>26.1</ele><time>2026-09-27T07:58:34.000Z</time><extensions><gpxtpx:TrackPointExtension><gpxtpx:hr>162</gpxtpx:hr></gpxtpx:TrackPointExtension></extensions></trkpt>
<trkpt lat="51.506005" lon="-0.119354"><ele>26.6</ele><time>2026-09-27T07:58:36.000Z</time><extensions><gpxtpx:TrackPointExtension><gpxtpx:hr>162</gpxtpx:hr></gpxtpx:TrackPointExtension></extensions></trkpt>
<trkpt lat="51.506045" lon="-0.119287"><ele>27.1</ele><time>2026-09-27T07:58:39.000Z</time><extensions><gpxtpx:TrackPointExtension><gpxtpx:hr>163</gpxtpx:hr></gpxtpx:TrackPointExtension></extensions></trkpt>
<trkpt lat="51.506085" lon="-0.119220"><ele>27.6</ele><time>2026-09-27T07:58:42.000Z</time><extensions><gpxtpx:TrackPointExtension><gpxtpx:hr>163</gpxtpx:hr></gpxtpx:TrackPointExtension></extensions></trkpt>
<trkpt lat="51.506125" lon="-0.119152"><ele>28.1</ele><time>2026-09-27T07:58:44.000Z</time><extensions><gpxtpx:TrackPointExtension><gpxtpx:hr>163</gpxtpx:hr></gpxtpx:TrackPointExtension></extensions></trkpt>
<trkpt lat="51.506166" lon="-0.119083"><ele>28.5</ele><time>2026-09-27T07:58:47.000Z</time><extensions><gpxtpx:TrackPointExtension><gpxtpx:hr>164</gpxtpx:hr></gpxtpx:TrackPointExtension></extensions></trkpt>
<trkpt lat="51.506208" lon="-0.119013"><ele>29.0</ele><time>2026-09-27T07:58:50.000Z</time><extensions><gpxtpx:TrackPointExtension><gpxtpx:hr>164</gpxtpx:hr></gpxtpx:TrackPointExtension></extensions></trkpt>
<trkpt lat="51.506250" lon="-0.118943"><ele>29.4</ele><time>2026-09-27T07:58:53.000Z</time><extensions><gpxtpx:TrackPointExtension><gpxtpx:hr>165</gpxtpx:hr></gpxtpx:TrackPointExtension></extensions></trkpt>
<trkpt lat="51.506293" lon="-0.118873"><ele>29.8</ele><time>2026-09-27T07:58:56.000Z</time><extensions><gpxtpx:TrackPointExtension><gpxtpx:hr>165</gpxtpx:hr></gpxtpx:TrackPointExtension></extensions></trkpt>
<trkpt lat="51.506336" lon="-0.118802"><ele>30.2</ele><time>2026-09-27T07:58:58.000Z</time><extensions><gpxtpx:TrackPointExtension><gpxtpx:hr>165</gpxtpx:hr></gpxtpx:TrackPointExtension></extensions></trkpt>
<trkpt lat="51.506380" lon="-0.118730"><ele>30.6</ele><time>2026-09-27T07:59:01.000Z</time><extensions><gpxtpx:TrackPointExtension><gpxtpx:hr>166</gpxtpx:hr></gpxtpx:TrackPointExtension></extensions></trkpt>
<trkpt lat="51.506424" lon="-0.118659"><ele>30.9</ele><time>2026-09-27T07:59:04.000Z</time><extensions><gpxtpx:TrackPointExtension><gpxtpx:hr>166</gpxtpx:hr></gpxtpx:TrackPointExtension></extensions></trkpt>
<trkpt lat="51.506469" lon="-0.118586"><ele>31.3</ele><time>2026-09-27T07:59:07.000Z</time><extensions><gpxtpx:TrackPointExtension><gpxtpx:hr>167</gpxtpx:hr></gpxtpx:TrackPointExtension></extensions></trkpt>
<trkpt lat="51.506515" lon="-0.118514"><ele>31.6</ele><time>2026-09-27T07:59:10.000Z</time><extensions><gpxtpx:TrackPointExtension><gpxtpx:hr>167</gpxtpx:hr></gpxtpx:TrackPointExtension></extensions></trkpt>
<trkpt lat="51.506561" lon="-0.118441"><ele>31.9</ele><time>2026-09-27T07:59:13.000Z</time><extensions><gpxtpx:TrackPointExtension><gpxtpx:hr>168</gpxtpx:hr></gpxtpx:TrackPointExtension></extensions></trkpt>
<trkpt lat="51.506608" lon="-0.118369"><ele>32.2</ele><time>2026-09-27T07:59:16.000Z</time><extensions><gpxtpx:TrackPointExtension><gpxtpx:hr>168</gpxtpx:hr></gpxtpx:TrackPointExtension></extensions></trkpt>
<trkpt lat="51.506656" lon="-0.118296"><ele>32.5</ele><time>2026-09-27T07:59:19.000Z</time><extensions><gpxtpx:TrackPointExtension><gpxtpx:hr>169</gpxtpx:hr></gpxtpx:TrackPointExtension></extensions></trkpt>
<trkpt lat="51.506704" lon="-0.118223"><ele>32.8</ele><time>2026-09-27T07:59:22.000Z</time><extensions><gpxtpx:TrackPointExtension><gpxtpx:hr>169</gpxtpx:hr></gpxtpx:TrackPointExtension></extensions></trkpt>
<trkpt lat="51.506753" lon="-0.118150"><ele>33.0</ele><time>2026-09-27T07:59:25.000Z</time><extensions><gpxtpx:TrackPointExtension><gpxtpx:hr>170</gpxtpx:hr></gpxtpx:TrackPointExtension></extensions></trkpt>
<trkpt lat="51.506803" lon="-0.118077"><ele>33.2</ele><time>2026-09-27T07:59:28.000Z</time><extensions><gpxtpx:TrackPointExtension><gpxtpx:hr>171</gpxtpx:hr></gpxtpx:TrackPointExtension></extensions></trkpt>
<trkpt lat="51.506853" lon="-0.118005"><ele>33.4</ele><time>2026-09-27T07:59:31.000Z</time><extensions><gpxtpx:TrackPointExtension><gpxtpx:hr>171</gpxtpx:hr></gpxtpx:TrackPointExtension></extensions></trkpt>
<trkpt lat="51.506905" lon="-0.117932"><ele>33.6</ele><time>2026-09-27T07:59:34.000Z</time><extensions><gpxtpx:TrackPointExtension><gpxtpx:hr>172</gpxtpx:hr></gpxtpx:TrackPointExtension></extensions></trkpt>
<trkpt lat="51.506957" lon="-0.117860"><ele>33.8</ele><time>2026-09-27T07:59:37.000Z</time><extensions><gpxtpx:TrackPointExtension><gpxtpx:hr>172</gpxtpx:hr></gpxtpx:TrackPointExtension></extensions></trkpt>
<trkpt lat="51.507009" lon="-0.117788"><ele>33.9</ele><time>2026-09-27T07:59:40.000Z</time><extensions><gpxtpx:TrackPointExtension><gpxtpx:hr>173</gpxtpx:hr></gpxtpx:TrackPointExtension></extensions></trkpt>
<trkpt lat="51.507063" lon="-0.117717"><ele>34.1</ele><time>2026-09-27T07:59:43.000Z</time><extensions><gpxtpx:TrackPointExtension><gpxtpx:hr>174</gpxtpx:hr></gpxtpx:TrackPointExtension></extensions></trkpt>
<trkpt lat="51.507117" lon="-0.117646"><ele>34.2</ele><time>2026-09-27T07:59:46.000Z</time><extensions><gpxtpx:TrackPointExtension><gpxtpx:hr>174</gpxtpx:hr></gpxtpx:TrackPointExtension></extensions></trkpt>
<trkpt lat="51.507172" lon="-0.117575"><ele>34.3</ele><time>2026-09-27T07:59:49.000Z</time><extensions><gpxtpx:TrackPointExtension><gpxtpx:hr>175</gpxtpx:hr></gpxtpx:TrackPointExtension></extensions></trkpt>
<trkpt lat="51.507228" lon="-0.117505"><ele>34.3</ele><time>2026-09-27T07:59:52.000Z</time><extensions><gpxtpx:TrackPointExtension><gpxtpx:hr>176</gpxtpx:hr></gpxtpx:TrackPointExtension></extensions></trkpt>
<trkpt lat="51.507285" lon="-0.117436"><ele>34.4</ele><time>2026-09-27T07:59:55.000Z</time><extensions><gpxtpx:TrackPointExtension><gpxtpx:hr>176</gpxtpx:hr></gpxtpx:TrackPointExtension></extensions></trkpt>
<trkpt lat="51.507342" lon="-0.117368"><ele>34.4</ele><time>2026-09-27T07:59:59.000Z</time><extensions><gpxtpx:TrackPointExtension><gpxtpx:hr>177</gpxtpx:hr></gpxtpx:TrackPointExtension></extensions></trkpt>
<trkpt lat="51.507400" lon="-0.117300"><ele>34.5</ele><time>2026-09-27T08:00:02.000Z</time><extensions><gpxtpx:TrackPointExtension><gpxtpx:hr>178</gpxtpx:hr></gpxtpx:TrackPointExtension></extensions></trkpt>
</trkseg></trk></gpx>