<?xml version="1.0" encoding="UTF-8"?>
<gpx version="1.1" creator="run-replay-sample" xmlns="http://www.topografix.com/GPX/1/1" xmlns:gpxtpx="http://www.garmin.com/xmlschemas/TrackPointExtension/v1">
<trk><name>Tempo run</name><trkseg>
<trkpt lat="51.507400" lon="-0.117300"><ele>30.0</ele><time>2026-10-04T18:05:00.000Z</time><extensions><gpxtpx:TrackPointExtension><gpxtpx:hr>127</gpxtpx:hr></gpxtpx:TrackPointExtension></extensions></trkpt>
<trkpt lat="51.507459" lon="-0.117233"><ele>30.6</ele><time>2026-10-04T18:05:03.000Z</time><extensions><gpxtpx:TrackPointExtension><gpxtpx:hr>128</gpxtpx:hr></gpxtpx:TrackPointExtension></extensions></trkpt>
<trkpt lat="51.507518" lon="-0.117167"><ele>31.2</ele><time>2026-10-04T18:05:06.000Z</time><extensions><gpxtpx:TrackPointExtension><gpxtpx:hr>128</gpxtpx:hr></gpxtpx:TrackPointExtension></extensions></trkpt>
<trkpt lat="51.507579" lon="-0.117102"><ele>31.8</ele><time>2026-10-04T18:05:09.000Z</time><extensions><gpxtpx:TrackPointExtension><gpxtpx:hr>129</gpxtpx:hr></gpxtpx:TrackPointExtension></extensions></trkpt>
<trkpt lat="51.507640" lon="-0.117038"><ele>32.4</ele><time>2026-10-04T18:05:12.000Z</time><extensions><gpxtpx:TrackPointExtension><gpxtpx:hr>129</gpxtpx:hr></gpxtpx:TrackPointExtension></extensions></trkpt>
<trkpt lat="51.507701" lon="-0.116975"><ele>32.9</ele><time>2026-10-04T18:05:15.000Z</time><extensions><gpxtpx:TrackPointExtension><gpxtpx:hr>129</gpxtpx:hr></gpxtpx:TrackPointExtension></extensions></trkpt>
<trkpt lat="51.507764" lon="-0.116914"><ele>33.5</ele><time>2026-10-04T18:05:18.000Z</time><extensions><gpxtpx:TrackPointExtension><gpxtpx:hr>130</gpxtpx:hr></gpxtpx:TrackPointExtension></extensions></trkpt>
<trkpt lat="51.507827" lon="-0.116853"><ele>34.1</ele><time>2026-10-04T18:05:21.000Z</time><extensions><gpxtpx:TrackPointExtension><gpxtpx:hr>130</gpxtpx:hr></gpxtpx:TrackPointExtension></extensions></trkpt>
<trkpt lat="51.507891" lon="-0.116794"><ele>34.7</ele><time>2026-10-04T18:05:24.000Z</time><extensions><gpxtpx:TrackPointExtension><gpxtpx:hr>131</gpxtpx:hr></gpxtpx:TrackPointExtension></extensions></trkpt>
<trkpt lat="51.507955" lon="-0.116736"><ele>35.2</ele><time>2026-10-04T18:05:27.000Z</time><extensions><gpxtpx:TrackPointExtension><gpxtpx:hr>131</gpxtpx:hr></gpxtpx:TrackPointExtension></extensions></trkpt>
<trkpt lat="51.508021" lon="-0.116680"><ele>35.7</ele><time>2026-10-04T18:05:30.000Z</time><extensions><gpxtpx:TrackPointExtension><gpxtpx:hr>132</gpxtpx:hr></gpxtpx:TrackPointExtension></extensions></trkpt>
<trkpt lat="51.508086" lon="-0.116625"><ele>36.3</ele><time>2026-10-04T18:05:33.000Z</time><extensions><gpxtpx:TrackPointExtension><gpxtpx:hr>132</gpxtpx:hr></gpxtpx:TrackPointExtension></extensions></trkpt>
<trkpt lat="51.508153" lon="-0.116572"><ele>36.8</ele><time>2026-10-04T18:05:36.000Z</time><extensions><gpxtpx:TrackPointExtension><gpxtpx:hr>132</gpxtpx:hr></gpxtpx:TrackPointExtension></extensions></trkpt>
<trkpt lat="51.508220" lon="-0.116520"><ele>37.3</ele><time>2026-10-04T18:05:39.000Z</time><extensions><gpxtpx:TrackPointExtension><gpxtpx:hr>133</gpxtpx:hr></gpxtpx:TrackPointExtension></extensions></trkpt>
<trkpt lat="51.508287" lon="-0.116470"><ele>37.8</ele><time>2026-10-04T18:05:42.000Z</time><extensions><gpxtpx:TrackPointExtension><gpxtpx:hr>133</gpxtpx:hr></gpxtpx:TrackPointExtension></extensions></trkpt>
<trkpt lat="51.508356" lon="-0.116421"><ele>38.3</ele><time>2026-10-04T18:05:45.000Z</time><extensions><gpxtpx:TrackPointExtension><gpxtpx:hr>134</gpxtpx:hr></gpxtpx:TrackPointExtension></extensions></trkpt>
<trkpt lat="51.508424" lon="-0.116375"><ele>38.7</ele><time>2026-10-04T18:05:48.000Z</time><extensions><gpxtpx:TrackPointExtension><gpxtpx:hr>134</gpxtpx:hr></gpxtpx:TrackPointExtension></extensions></trkpt>
<trkpt lat="51.508494" lon="-0.116330"><ele>39.2</ele><time>2026-10-04T18:05:51.000Z</time><extensions><gpxtpx:TrackPointExtension><gpxtpx:hr>134</gpxtpx:hr></gpxtpx:TrackPointExtension></extensions></trkpt>
<trkpt lat="51.508563" lon="-0.116287"><ele>39.6</ele><time>2026-10-04T18:05:54.000Z</time><extensions><gpxtpx:TrackPointExtension><gpxtpx:hr>135</gpxtpx:hr></gpxtpx:TrackPointExtension></extensions></trkpt>
<trkpt lat="51.508634" lon="-0.116246"><ele>40.0</ele><time>2026-10-04T18:05:57.000Z</time><extensions><gpxtpx:TrackPointExtension><gpxtpx:hr>135</gpxtpx:hr></gpxtpx:TrackPointExtension></extensions></trkpt>
<trkpt lat="51.508704" lon="-0.116207"><ele>40.4</ele><time>2026-10-04T18:06:00.000Z</time><extensions><gpxtpx:TrackPointExtension><gpxtpx:hr>136</gpxtpx:hr></gpxtpx:TrackPointExtension></extensions></trkpt>
<trkpt lat="51.508775" lon="-0.116170"><ele>40.7</ele><time>2026-10-04T18:06:03.000Z</time><extensions><gpxtpx:TrackPointExtension><gpxtpx:hr>136</gpxtpx:hr></gpxtpx:TrackPointExtension></extensions></trkpt>
<trkpt lat="51.508847" lon="-0.116135"><ele>41.1</ele><time>2026-10-04T18:06:06.000Z</time><extensions><gpxtpx:TrackPointExtension><gpxtpx:hr>136</gpxtpx:hr></gpxtpx:TrackPointExtension></extensions></trkpt>
<trkpt lat="51.508919" lon="-0.116103"><ele>41.4</ele><time>2026-10-04T18:06:09.000Z</time><extensions><gpxtpx:TrackPointExtension><gpxtpx:hr>137</gpxtpx:hr></gpxtpx:TrackPointExtension></extensions></trkpt>
<trkpt lat="51.508991" lon="-0.116072"><ele>41.7</ele><time>2026-10-04T18:06:12.000Z</time><extensions><gpxtpx:TrackPointExtension><gpxtpx:hr>137</gpxtpx:hr></gpxtpx:TrackPointExtension></extensions></trkpt>
<trkpt lat="51.509064" lon="-0.116044"><ele>42.0</ele><time>2026-10-04T18:06:15.000Z</time><extensions><gpxtpx:TrackPointExtension><gpxtpx:hr>138</gpxtpx:hr></gpxtpx:TrackPointExtension></extensions></trkpt>
<trkpt lat="51.509136" lon="-0.116018"><ele>42.3</ele><time>2026-10-04T18:06:18.000Z</time><extensions><gpxtpx:TrackPointExtension><gpxtpx:hr>138</gpxtpx:hr></gpxtpx:TrackPointExtension></extensions></trkpt>
<trkpt lat="51.509210" lon="-0.115994"><ele>42.5</ele><time>2026-10-04T18:06:20.000Z</time><extensions><gpxtpx:TrackPointExtension><gpxtpx:hr>138</gpxtpx:hr></gpxtpx:TrackPointExtension></extensions></trkpt>
<trkpt lat="51.509283" lon="-0.115972"><ele>42.7</ele><time>2026-10-04T18:06:23.000Z</time><extensions><gpxtpx:TrackPointExtension><gpxtpx:hr>139</gpxtpx:hr></gpxtpx:TrackPointExtension></extensions></trkpt>
<trkpt lat="51.509356" lon="-0.115953"><ele>42.9</ele><time>2026-10-04T18:06:26.000Z</time><extensions><gpxtpx:TrackPointExtension><gpxtpx:hr>139</gpxtpx:hr></gpxtpx:TrackPointExtension></extensions></trkpt>
<trkpt lat="51.509430" lon="-0.115937"><ele>43.1</ele><time>2026-10-04T18:06:29.000Z</time><extensions><gpxtpx:TrackPointExtension><gpxtpx:hr>139</gpxtpx:hr></gpxtpx:TrackPointExtension></extensions></trkpt>
<trkpt lat="51.509504" lon="-0.115922"><ele>43.3</ele><time>2026-10-04T18:06:32.000Z</time><extensions><gpxtpx:TrackPointExtension><gpxtpx:hr>140</gpxtpx:hr></gpxtpx:TrackPointExtension></extensions></trkpt>
<trkpt lat="51.509578" lon="-0.115911"><ele>43.4</ele><time>2026-10-04T18:06:35.000Z</time><extensions><gpxtpx:TrackPointExtension><gpxtpx:hr>140</gpxtpx:hr></gpxtpx:TrackPointExtension></extensions></trkpt>
<trkpt lat="51.509651" lon="-0.115901"><ele>43.5</ele><time>2026-10-04T18:06:38.000Z</time><extensions><gpxtpx:TrackPointExtension><gpxtpx:hr>141</gpxtpx:hr></gpxtpx:TrackPointExtension></extensions></trkpt>
<trkpt lat="51.509725" lon="-0.115895"><ele>43.6</ele><time>2026-10-04T18:06:41.000Z</time><extensions><gpxtpx:TrackPointExtension><gpxtpx:hr>141</gpxtpx:hr></gpxtpx:TrackPointExtension></extensions></trkpt>
<trkpt lat="51.509799" lon="-0.115890"><ele>43.7</ele><time>2026-10-04T18:06:44.000Z</time><extensions><gpxtpx:TrackPointExtension><gpxtpx:hr>141</gpxtpx:hr></gpxtpx:TrackPointExtension></extensions></trkpt>
<trkpt lat="51.509873" lon="-0.115889"><ele>43.7</ele><time>2026-10-04T18:06:47.000Z</time><extensions><gpxtpx:TrackPointExtension><gpxtpx:hr>142</gpxtpx:hr></gpxtpx:TrackPointExtension></extensions></trkpt>
<trkpt lat="51.509947" lon="-0.115890"><ele>43.8</ele><time>2026-10-04T18:06:49.000Z</time><extensions><gpxtpx:TrackPointExtension><gpxtpx:hr>142</gpxtpx:hr></gpxtpx:TrackPointExtension></extensions></trkpt>
<trkpt lat="51.510020" lon="-0.115893"><ele>43.8</ele><time>2026-10-04T18:06:52.000Z</time><extensions><gpxtpx:TrackPointExtension><gpxtpx:hr>142</gpxtpx:hr></gpxtpx:TrackPointExtension></extensions></trkpt>
<trkpt lat="51.510094" lon="-0.115900"><ele>43.8</ele><time>2026-10-04T18:06:55.000Z</time><extensions><gpxtpx:TrackPointExtension><gpxtpx:hr>142</gpxtpx:hr></gpxtpx:TrackPointExtension></extensions></trkpt>
<trkpt lat="51.510167" lon="-0.115908"><ele>43.7</ele><time>2026-10-04T18:06:58.000Z</time><extensions><gpxtpx:TrackPointExtension><gpxtpx:hr>143</gpxtpx:hr></gpxtpx:TrackPointExtension></extensions></trkpt>
<trkpt lat="51.510240" lon="-0.115920"><ele>43.7</ele><time>2026-10-04T18:07:01.000Z</time><extensions><gpxtpx:TrackPointExtension><gpxtpx:hr>143</gpxtpx:hr></gpxtpx:TrackPointExtension></extensions></trkpt>
<trkpt lat="51.510313" lon="-0.115934"><ele>43.6</ele><time>2026-10-04T18:07:04.000Z</time><extensions><gpxtpx:TrackPointExtension><gpxtpx:hr>143</gpxtpx:hr></gpxtpx:TrackPointExtension></extensions></trkpt>
<trkpt lat="51.510385" lon="-0.115951"><ele>43.6</ele><time>2026-10-04T18:07:07.000Z</time><extensions><gpxtpx:TrackPointExtension><gpxtpx:hr>144</gpxtpx:hr></gpxtpx:TrackPointExtension></extensions></trkpt>
<trkpt lat="51.510457" lon="-0.115971"><ele>43.5</ele><time>2026-10-04T18:07:09.000Z</time><extensions><gpxtpx:TrackPointExtension><gpxtpx:hr>144</gpxtpx:hr></gpxtpx:TrackPointExtension></extensions></trkpt>
<trkpt lat="51.510529" lon="-0.115993"><ele>43.4</ele><time>2026-10-04T18:07:12.000Z</time><extensions><gpxtpx:TrackPointExtension><gpxtpx:hr>144</gpxtpx:hr></gpxtpx:TrackPointExtension></extensions></trkpt>
<trkpt lat="51.510600" lon="-0.116018"><ele>43.2</ele><time>2026-10-04T18:07:15.000Z</time><extensions><gpxtpx:TrackPointExtension><gpxtpx:hr>144</gpxtpx:hr></gpxtpx:TrackPointExtension></extensions></trkpt>
<trkpt lat="51.510671" lon="-0.116045"><ele>43.1</ele><time>2026-10-04T18:07:18.000Z</time><extensions><gpxtpx:TrackPointExtension><gpxtpx:hr>145</gpxtpx:hr></gpxtpx:TrackPointExtension></extensions></trkpt>
<trkpt lat="51.510741" lon="-0.116075"><ele>43.0</ele><time>2026-10-04T18:07:21.000Z</time><extensions><gpxtpx:TrackPointExtension><gpxtpx:hr>145</gpxtpx:hr></gpxtpx:TrackPointExtension></extensions></trkpt>
<trkpt lat="51.510811" lon="-0.116108"><ele>42.8</ele><time>2026-10-04T18:07:23.000Z</time><extensions><gpxtpx:TrackPointExtension><gpxtpx:hr>145</gpxtpx:hr></gpxtpx:TrackPointExtension></extensions></trkpt>
<trkpt lat="51.510880" lon="-0.116144"><ele>42.6</ele><time>2026-10-04T18:07:26.000Z</time><extensions><gpxtpx:TrackPointExtension><gpxtpx:hr>145</gpxtpx:hr></gpxtpx:TrackPointExtension></extensions></trkpt>
<trkpt lat="51.510949" lon="-0.116182"><ele>42.5</ele><time>2026-10-04T18:07:29.000Z</time><extensions><gpxtpx:TrackPointExtension><gpxtpx:hr>146</gpxtpx:hr></gpxtpx:TrackPointExtension></extensions></trkpt>
<trkpt lat="51.511017" lon="-0.116223"><ele>42.3</ele><time>2026-10-04T18:07:32.000Z</time><extensions><gpxtpx:TrackPointExtension><gpxtpx:hr>146</gpxtpx:hr></gpxtpx:TrackPointExtension></extensions></trkpt>
<trkpt lat="51.511084" lon="-0.116266"><ele>42.1</ele><time>2026-10-04T18:07:35.000Z</time><extensions><gpxtpx:TrackPointExtension><gpxtpx:hr>146</gpxtpx:hr></gpxtpx:TrackPointExtension></extensions></trkpt>
<trkpt lat="51.511151" lon="-0.116312"><ele>41.9</ele><time>2026-10-04T18:07:37.000Z</time><extensions><gpxtpx:TrackPointExtension><gpxtpx:hr>146</gpxtpx:hr></gpxtpx:TrackPointExtension></extensions></trkpt>
<trkpt lat="51.511216" lon="-0.116361"><ele>41.7</ele><time>2026-10-04T18:07:40.000Z</time><extensions><gpxtpx:TrackPointExtension><gpxtpx:hr>146</gpxtpx:hr></gpxtpx:TrackPointExtension></extensions></trkpt>
<trkpt lat="51.511281" lon="-0.116412"><ele>41.5</ele><time>2026-10-04T18:07:43.000Z</time><extensions><gpxtpx:TrackPointExtension><gpxtpx:hr>147</gpxtpx:hr></gpxtpx:TrackPointExtension></extensions></trkpt>
<trkpt lat="51.511346" lon="-0.116466"><ele>41.3</ele><time>2026-10-04T18:07:46.000Z</time><extensions><gpxtpx:TrackPointExtension><gpxtpx:hr>147</gpxtpx:hr></gpxtpx:TrackPointExtension></extensions></trkpt>
<trkpt lat="51.511409" lon="-0.116522"><ele>41.1</ele><time>2026-10-04T18:07:49.000Z</time><extensions><gpxtpx:TrackPointExtension><gpxtpx:hr>147</gpxtpx:hr></gpxtpx:TrackPointExtension></extensions></trkpt>
<trkpt lat="51.511472" lon="-0.116581"><ele>40.8</ele><time>2026-10-04T18:07:51.000Z</time><extensions><gpxtpx:TrackPointExtension><gpxtpx:hr>147</gpxtpx:hr></gpxtpx:TrackPointExtension></extensions></trkpt>
<trkpt lat="51.511533" lon="-0.116642"><ele>40.6</ele><time>2026-10-04T18:07:54.000Z</time><extensions><gpxtpx:TrackPointExtension><gpxtpx:hr>147</gpxtpx:hr></gpxtpx:TrackPointExtension></extensions></trkpt>
<trkpt lat="51.511594" lon="-0.116706"><ele>40.4</ele><time>2026-10-04T18:07:57.000Z</time><extensions><gpxtpx:TrackPointExtension><gpxtpx:hr>147</gpxtpx:hr></gpxtpx:TrackPointExtension></extensions></trkpt>
<trkpt lat="51.511654" lon="-0.116772"><ele>40.2</ele><time>2026-10-04T18:08:00.000Z</time><extensions><gpxtpx:TrackPointExtension><gpxtpx:hr>147</gpxtpx:hr></gpxtpx:TrackPointExtension></extensions></trkpt>
<trkpt lat="51.511712" lon="-0.116840"><ele>40.0</ele><time>2026-10-04T18:08:02.000Z</time><extensions><gpxtpx:TrackPointExtension><gpxtpx:hr>148</gpxtpx:hr></gpxtpx:TrackPointExtension></extensions></trkpt>
<trkpt lat="51.511770" lon="-0.116911"><ele>39.8</ele><time>2026-10-04T18:08:05.000Z</time><extensions><gpxtpx:TrackPointExtension><gpxtpx:hr>148</gpxtpx:hr></gpxtpx:TrackPointExtension></extensions></trkpt>
<trkpt lat="51.511827" lon="-0.116984"><ele>39.6</ele><time>2026-10-04T18:08:08.000Z</time><extensions><gpxtpx:TrackPointExtension><gpxtpx:hr>148</gpxtpx:hr></gpxtpx:TrackPointExtension></extensions></trkpt>
<trkpt lat="51.511882" lon="-0.117059"><ele>39.4</ele><time>2026-10-04T18:08:11.000Z</time><extensions><gpxtpx:TrackPointExtension><gpxtpx:hr>148</gpxtpx:hr></gpxtpx:TrackPointExtension></extensions></trkpt>
<trkpt lat="51.511936" lon="-0.117137"><ele>39.3</ele><time>2026-10-04T18:08:13.000Z</time><extensions><gpxtpx:TrackPointExtension><gpxtpx:hr>148</gpxtpx:hr></gpxtpx:TrackPointExtension></extensions></trkpt>
<trkpt lat="51.511990" lon="-0.117216"><ele>39.1</ele><time>2026-10-04T18:08:16.000Z</time><extensions><gpxtpx:TrackPointExtension><gpxtpx:hr>148</gpxtpx:hr></gpxtpx:TrackPointExtension></extensions></trkpt>
<trkpt lat="51.512042" lon="-0.117298"><ele>38.9</ele><time>2026-10-04T18:08:19.000Z</time><extensions><gpxtpx:TrackPointExtension><gpxtpx:hr>148</gpxtpx:hr></gpxtpx:TrackPointExtension></extensions></trkpt>
<trkpt lat="51.512093" lon="-0.117382"><ele>38.8</ele><time>2026-10-04T18:08:22.000Z</time><extensions><gpxtpx:TrackPointExtension><gpxtpx:hr>148</gpxtpx:hr></gpxtpx:TrackPointExtension></extensions></trkpt>
<trkpt lat="51.512143" lon="-0.117468"><ele>38.6</ele><time>2026-10-04T18:08:25.000Z</time><extensions><gpxtpx:TrackPointExtension><gpxtpx:hr>148</gpxtpx:hr></gpxtpx:TrackPointExtension></extensions></trkpt>
<trkpt lat="51.512191" lon="-0.117555"><ele>38.5</ele><time>2026-10-04T18:08:27.000Z</time><extensions><gpxtpx:TrackPointExtension><gpxtpx:hr>148</gpxtpx:hr></gpxtpx:TrackPointExtension></extensions></trkpt>
<trkpt lat="51.512239" lon="-0.117645"><ele>38.4</ele><time>2026-10-04T18:08:30.000Z</time><extensions><gpxtpx:TrackPointExtension><gpxtpx:hr>148</gpxtpx:hr></gpxtpx:TrackPointExtension></extensions></trkpt>
<trkpt lat="51.512285" lon="-0.117736"><ele>38.3</ele><time>2026-10-04T18:08:33.000Z</time><extensions><gpxtpx:TrackPointExtension><gpxtpx:hr>148</gpxtpx:hr></gpxtpx:TrackPointExtension></extensions></trkpt>
<trkpt lat="51.512330" lon="-0.117830"><ele>38.2</ele><time>2026-10-04T18:08:36.000Z</time><extensions><gpxtpx:TrackPointExtension><gpxtpx:hr>148</gpxtpx:hr></gpxtpx:TrackPointExtension></extensions></trkpt>
<trkpt lat="51.512373" lon="-0.117925"><ele>38.1</ele><time>2026-10-04T18:08:39.000Z</time><extensions><gpxtpx:TrackPointExtension><gpxtpx:hr>148</gpxtpx:hr></gpxtpx:TrackPointExtension></extensions></trkpt>
<trkpt lat="51.512415" lon="-0.118022"><ele>38.0</ele><time>2026-10-04T18:08:42.000Z</time><extensions><gpxtpx:TrackPointExtension><gpxtpx:hr>148</gpxtpx:hr></gpxtpx:TrackPointExtension></extensions></trkpt>
<trkpt lat="51.512456" lon="-0.118120"><ele>38.0</ele><time>2026-10-04T18:08:44.000Z</time><extensions><gpxtpx:TrackPointExtension><gpxtpx:hr>148</gpxtpx:hr></gpxtpx:TrackPointExtension></extensions></trkpt>
<trkpt lat="51.512496" lon="-0.118220"><ele>38.0</ele><time>2026-10-04T18:08:47.000Z</time><extensions><gpxtpx:TrackPointExtension><gpxtpx:hr>148</gpxtpx:hr></gpxtpx:TrackPointExtension></extensions></trkpt>
<trkpt lat="51.512534" lon="-0.118322"><ele>37.9</ele><time>2026-10-04T18:08:50.000Z</time><extensions><gpxtpx:TrackPointExtension><gpxtpx:hr>148</gpxtpx:hr></gpxtpx:TrackPointExtension></extensions></trkpt>
<trkpt lat="51.512571" lon="-0.118424"><ele>37.9</ele><time>2026-10-04T18:08:53.000Z</time><extensions><gpxtpx:TrackPointExtension><gpxtpx:hr>148</gpxtpx:hr></gpxtpx:TrackPointExtension></extensions></trkpt>
<trkpt lat="51.512607" lon="-0.118529"><ele>37.9</ele><time>2026-10-04T18:08:56.000Z</time><extensions><gpxtpx:TrackPointExtension><gpxtpx:hr>148</gpxtpx:hr></gpxtpx:TrackPointExtension></extensions></trkpt>
<trkpt lat="51.512641" lon="-0.118635"><ele>38.0</ele><time>2026-10-04T18:08:59.000Z</time><extensions><gpxtpx:TrackPointExtension><gpxtpx:hr>148</gpxtpx:hr></gpxtpx:TrackPointExtension></extensions></trkpt>
<trkpt lat="51.512674" lon="-0.118742"><ele>38.0</ele><time>2026-10-04T18:09:01.000Z</time><extensions><gpxtpx:TrackPointExtension><gpxtpx:hr>148</gpxtpx:hr></gpxtpx:TrackPointExtension></extensions></trkpt>
<trkpt lat="51.512705" lon="-0.118850"><ele>38.0</ele><time>2026-10-04T18:09:04.000Z</time><extensions><gpxtpx:TrackPointExtension><gpxtpx:hr>148</gpxtpx:hr></gpxtpx:TrackPointExtension></extensions></trkpt>
<trkpt lat="51.512736" lon="-0.118959"><ele>38.1</ele><time>2026-10-04T18:09:07.000Z</time><extensions><gpxtpx:TrackPointExtension><gpxtpx:hr>148</gpxtpx:hr></gpxtpx:TrackPointExtension></extensions></trkpt>
<trkpt lat="51.512764" lon="-0.119070"><ele>38.2</ele><time>2026-10-04T18:09:10.000Z</time><extensions><gpxtpx:TrackPointExtension><gpxtpx:hr>148</gpxtpx:hr></gpxtpx:TrackPointExtension></extensions></trkpt>
<trkpt lat="51.512792" lon="-0.119181"><ele>38.3</ele><time>2026-10-04T18:09:13.000Z</time><extensions><gpxtpx:TrackPointExtension><gpxtpx:hr>148</gpxtpx:hr></gpxtpx:TrackPointExtension></extensions></trkpt>
<trkpt lat="51.512818" lon="-0.119294"><ele>38.4</ele><time>2026-10-04T18:09:16.000Z</time><extensions><gpxtpx:TrackPointExtension><gpxtpx:hr>148</gpxtpx:hr></gpxtpx:TrackPointExtension></extensions></trkpt>
<trkpt lat="51.512843" lon="-0.119407"><ele>38.5</ele><time>2026-10-04T18:09:19.000Z</time><extensions><gpxtpx:TrackPointExtension><gpxtpx:hr>148</gpxtpx:hr></gpxtpx:TrackPointExtension></extensions></trkpt>
<trkpt lat="51.512866" lon="-0.119521"><ele>38.7</ele><time>2026-10-04T18:09:22.000Z</time><extensions><gpxtpx:TrackPointExtension><gpxtpx:hr>148</gpxtpx:hr></gpxtpx:TrackPointExtension></extensions></trkpt>
<trkpt lat="51.512888" lon="-0.119636"><ele>38.8</ele><time>2026-10-04T18:09:24.000Z</time><extensions><gpxtpx:TrackPointExtension><gpxtpx:hr>148</gpxtpx:hr></gpxtpx:TrackPointExtension></extensions></trkpt>
<trkpt lat="51.512908" lon="-0.119752"><ele>39.0</ele><time>2026-10-04T18:09:27.000Z</time><extensions><gpxtpx:TrackPointExtension><gpxtpx:hr>148</gpxtpx:hr></gpxtpx:TrackPointExtension></extensions></trkpt>
<trkpt lat="51.512928" lon="-0.119869"><ele>39.2</ele><time>2026-10-04T18:09:30.000Z</time><extensions><gpxtpx:TrackPointExtension><gpxtpx:hr>147</gpxtpx:hr></gpxtpx:TrackPointExtension></extensions></trkpt>
<trkpt lat="51.512946" lon="-0.119986"><ele>39.3</ele><time>2026-10-04T18:09:33.000Z</time><extensions><gpxtpx:TrackPointExtension><gpxtpx:hr>147</gpxtpx:hr></gpxtpx:TrackPointExtension></extensions></trkpt>
<trkpt lat="51.512962" lon="-0.120103"><ele>39.5</ele><time>2026-10-04T18:09:36.000Z</time><extensions><gpxtpx:TrackPointExtension><gpxtpx:hr>147</gpxtpx:hr></gpxtpx:TrackPointExtension></extensions></trkpt>
<trkpt lat="51.512977" lon="-0.120221"><ele>39.7</ele><time>2026-10-04T18:09:39.000Z</time><extensions><gpxtpx:TrackPointExtension><gpxtpx:hr>147</gpxtpx:hr></gpxtpx:TrackPointExtension></extensions></trkpt>
<trkpt lat="51.512991" lon="-0.120339"><ele>40.0</ele><time>2026-10-04T18:09:42.000Z</time><extensions><gpxtpx:TrackPointExtension><gpxtpx:hr>147</gpxtpx:hr></gpxtpx:TrackPointExtension></extensions></trkpt>
<trkpt lat="51.513004" lon="-0.120458"><ele>40.2</ele><time>2026-10-04T18:09:45.000Z</time><extensions><gpxtpx:TrackPointExtension><gpxtpx:hr>147</gpxtpx:hr></gpxtpx:TrackPointExtension></extensions></trkpt>
<trkpt lat="51.513016" lon="-0.120577"><ele>40.4</ele><time>2026-10-04T18:09:48.000Z</time><extensions><gpxtpx:TrackPointExtension><gpxtpx:hr>147</gpxtpx:hr></gpxtpx:TrackPointExtension></extensions></trkpt>
<trkpt lat="51.513026" lon="-0.120696"><ele>40.7</ele><time>2026-10-04T18:09:51.000Z</time><extensions><gpxtpx:TrackPointExtension><gpxtpx:hr>147</gpxtpx:hr></gpxtpx:TrackPointExtension></extensions></trkpt>
<trkpt lat="51.513035" lon="-0.120816"><ele>40.9</ele><time>2026-10-04T18:09:54.000Z</time><extensions><gpxtpx:TrackPointExtension><gpxtpx:hr>146</gpxtpx:hr></gpxtpx:TrackPointExtension></extensions></trkpt>
<trkpt lat="51.513042" lon="-0.120935"><ele>41.1</ele><time>2026-10-04T18:09:57.000Z</time><extensions><gpxtpx:TrackPointExtension><gpxtpx:hr>146</gpxtpx:hr></gpxtpx:TrackPointExtension></extensions></trkpt>
<trkpt lat="51.513049" lon="-0.121055"><ele>41.4</ele><time>2026-10-04T18:09:59.000Z</time><extensions><gpxtpx:TrackPointExtension><gpxtpx:hr>146</gpxtpx:hr></gpxtpx:TrackPointExtension></extensions></trkpt>
<trkpt lat="51.513054" lon="-0.121174"><ele>41.6</ele><time>2026-10-04T18:10:02.000Z</time><extensions><gpxtpx:TrackPointExtension><gpxtpx:hr>146</gpxtpx:hr></gpxtpx:TrackPointExtension></extensions></trkpt>
<trkpt lat="51.513058" lon="-0.121294"><ele>41.9</ele><time>2026-10-04T18:10:05.000Z</time><extensions><gpxtpx:TrackPointExtension><gpxtpx:hr>146</gpxtpx:hr></gpxtpx:TrackPointExtension></extensions></trkpt>
<trkpt lat="51.513061" lon="-0.121413"><ele>42.1</ele><time>2026-10-04T18:10:08.000Z</time><extensions><gpxtpx:TrackPointExtension><gpxtpx:hr>145</gpxtpx:hr></gpxtpx:TrackPointExtension></extensions></trkpt>
<trkpt lat="51.513063" lon="-0.121532"><ele>42.4</ele><time>2026-10-04T18:10:11.000Z</time><extensions><gpxtpx:TrackPointExtension><gpxtpx:hr>145</gpxtpx:hr></gpxtpx:TrackPointExtension></extensions></trkpt>
<trkpt lat="51.513064" lon="-0.121651"><ele>42.6</ele><time>2026-10-04T18:10:14.000Z</time><extensions><gpxtpx:TrackPointExtension><gpxtpx:hr>145</gpxtpx:hr></gpxtpx:TrackPointExtension></extensions></trkpt>
<trkpt lat="51.513064" lon="-0.121770"><ele>42.9</ele><time>2026-10-04T18:10:17.000Z</time><extensions><gpxtpx:TrackPointExtension><gpxtpx:hr>145</gpxtpx:hr></gpxtpx:TrackPointExtension></extensions></trkpt>
<trkpt lat="51.513063" lon="-0.121888"><ele>43.1</ele><time>2026-10-04T18:10:20.000Z</time><extensions><gpxtpx:TrackPointExtension><gpxtpx:hr>145</gpxtpx:hr></gpxtpx:TrackPointExtension></extensions></trkpt>
<trkpt lat="51.513061" lon="-0.122006"><ele>43.4</ele><time>2026-10-04T18:10:23.000Z</time><extensions><gpxtpx:TrackPointExtension><gpxtpx:hr>145</gpxtpx:hr></gpxtpx:TrackPointExtension></extensions></trkpt>
<trkpt lat="51.513057" lon="-0.122123"><ele>43.6</ele><time>2026-10-04T18:10:26.000Z</time><extensions><gpxtpx:TrackPointExtension><gpxtpx:hr>144</gpxtpx:hr></gpxtpx:TrackPointExtension></extensions></trkpt>
<trkpt lat="51.513053" lon="-0.122240"><ele>43.8</ele><time>2026-10-04T18:10:29.000Z</time><extensions><gpxtpx:TrackPointExtension><gpxtpx:hr>144</gpxtpx:hr></gpxtpx:TrackPointExtension></extensions></trkpt>
<trkpt lat="51.513048" lon="-0.122357"><ele>44.0</ele><time>2026-10-04T18:10:32.000Z</time><extensions><gpxtpx:TrackPointExtension><gpxtpx:hr>144</gpxtpx:hr></gpxtpx:TrackPointExtension></extensions></trkpt>
<trkpt lat="51.513042" lon="-0.122473"><ele>44.2</ele><time>2026-10-04T18:10:34.000Z</time><extensions><gpxtpx:TrackPointExtension><gpxtpx:hr>144</gpxtpx:hr></gpxtpx:TrackPointExtension></extensions></trkpt>
<trkpt lat="51.513035" lon="-0.122588"><ele>44.4</ele><time>2026-10-04T18:10:37.000Z</time><extensions><gpxtpx:TrackPointExtension><gpxtpx:hr>143</gpxtpx:hr></gpxtpx:TrackPointExtension></extensions></trkpt>
<trkpt lat="51.513028" lon="-0.122703"><ele>44.6</ele><time>2026-10-04T18:10:40.000Z</time><extensions><gpxtpx:TrackPointExtension><gpxtpx:hr>143</gpxtpx:hr></gpxtpx:TrackPointExtension></extensions></trkpt>
<trkpt lat="51.513019" lon="-0.122817"><ele>44.8</ele><time>2026-10-04T18:10:43.000Z</time><extensions><gpxtpx:TrackPointExtension><gpxtpx:hr>143</gpxtpx:hr></gpxtpx:TrackPointExtension></extensions></trkpt>
<trkpt lat="51.513010" lon="-0.122931"><ele>44.9</ele><time>2026-10-04T18:10:46.000Z</time><extensions><gpxtpx:TrackPointExtension><gpxtpx:hr>143</gpxtpx:hr></gpxtpx:TrackPointExtension></extensions></trkpt>
<trkpt lat="51.513000" lon="-0.123043"><ele>45.1</ele><time>2026-10-04T18:10:49.000Z</time><extensions><gpxtpx:TrackPointExtension><gpxtpx:hr>143</gpxtpx:hr></gpxtpx:TrackPointExtension></extensions></trkpt>
<trkpt lat="51.512990" lon="-0.123155"><ele>45.2</ele><time>2026-10-04T18:10:52.000Z</time><extensions><gpxtpx:TrackPointExtension><gpxtpx:hr>142</gpxtpx:hr></gpxtpx:TrackPointExtension></extensions></trkpt>
<trkpt lat="51.512979" lon="-0.123266"><ele>45.3</ele><time>2026-10-04T18:10:54.000Z</time><extensions><gpxtpx:TrackPointExtension><gpxtpx:hr>142</gpxtpx:hr></gpxtpx:TrackPointExtension></extensions></trkpt>
<trkpt lat="51.512967" lon="-0.123376"><ele>45.4</ele><time>2026-10-04T18:10:57.000Z</time><extensions><gpxtpx:TrackPointExtension><gpxtpx:hr>142</gpxtpx:hr></gpxtpx:TrackPointExtension></extensions></trkpt>
<trkpt lat="51.512955" lon="-0.123486"><ele>45.5</ele><time>2026-10-04T18:11:00.000Z</time><extensions><gpxtpx:TrackPointExtension><gpxtpx:hr>142</gpxtpx:hr></gpxtpx:TrackPointExtension></extensions></trkpt>
<trkpt lat="51.512942" lon="-0.123594"><ele>45.5</ele><time>2026-10-04T18:11:03.000Z</time><extensions><gpxtpx:TrackPointExtension><gpxtpx:hr>142</gpxtpx:hr></gpxtpx:TrackPointExtension></extensions></trkpt>
<trkpt lat="51.512928" lon="-0.123702"><ele>45.6</ele><time>2026-10-04T18:11:06.000Z</time><extensions><gpxtpx:TrackPointExtension><gpxtpx:hr>141</gpxtpx:hr></gpxtpx:TrackPointExtension></extensions></trkpt>
<trkpt lat="51.512914" lon="-0.123808"><ele>45.6</ele><time>2026-10-04T18:11:08.000Z</time><extensions><gpxtpx:TrackPointExtension><gpxtpx:hr>141</gpxtpx:hr></gpxtpx:TrackPointExtension></extensions></trkpt>
<trkpt lat="51.512900" lon="-0.123914"><ele>45.6</ele><time>2026-10-04T18:11:11.000Z</time><extensions><gpxtpx:TrackPointExtension><gpxtpx:hr>141</gpxtpx:hr></gpxtpx:TrackPointExtension></extensions></trkpt>
<trkpt lat="51.512885" lon="-0.124018"><ele>45.6</ele><time>2026-10-04T18:11:14.000Z</time><extensions><gpxtpx:TrackPointExtension><gpxtpx:hr>141</gpxtpx:hr></gpxtpx:TrackPointExtension></extensions></trkpt>
<trkpt lat="51.512870" lon="-0.124122"><ele>45.5</ele><time>2026-10-04T18:11:17.000Z</time><extensions><gpxtpx:TrackPointExtension><gpxtpx:hr>140</gpxtpx:hr></gpxtpx:TrackPointExtension></extensions></trkpt>
<trkpt lat="51.512855" lon="-0.124225"><ele>45.5</ele><time>2026-10-04T18:11:19.000Z</time><extensions><gpxtpx:TrackPointExtension><gpxtpx:hr>140</gpxtpx:hr></gpxtpx:TrackPointExtension></extensions></trkpt>
<trkpt lat="51.512839" lon="-0.124327"><ele>45.4</ele><time>2026-10-04T18:11:22.000Z</time><extensions><gpxtpx:TrackPointExtension><gpxtpx:hr>140</gpxtpx:hr></gpxtpx:TrackPointExtension></extensions></trkpt>
<trkpt lat="51.512823" lon="-0.124427"><ele>45.3</ele><time>2026-10-04T18:11:25.000Z</time><extensions><gpxtpx:TrackPointExtension><gpxtpx:hr>140</gpxtpx:hr></gpxtpx:TrackPointExtension></extensions></trkpt>
<trkpt lat="51.512807" lon="-0.124527"><ele>45.2</ele><time>2026-10-04T18:11:27.000Z</time><extensions><gpxtpx:TrackPointExtension><gpxtpx:hr>139</gpxtpx:hr></gpxtpx:TrackPointExtension></extensions></trkpt>
<trkpt lat="51.512791" lon="-0.124625"><ele>45.0</ele><time>2026-10-04T18:11:30.000Z</time><extensions><gpxtpx:TrackPointExtension><gpxtpx:hr>139</gpxtpx:hr></gpxtpx:TrackPointExtension></extensions></trkpt>
<trkpt lat="51.512775" lon="-0.124723"><ele>44.8</ele><time>2026-10-04T18:11:32.000Z</time><extensions><gpxtpx:TrackPointExtension><gpxtpx:hr>139</gpxtpx:hr></gpxtpx:TrackPointExtension></extensions></trkpt>
<trkpt lat="51.512758" lon="-0.124819"><ele>44.6</ele><time>2026-10-04T18:11:35.000Z</time><extensions><gpxtpx:TrackPointExtension><gpxtpx:hr>139</gpxtpx:hr></gpxtpx:TrackPointExtension></extensions></trkpt>
<trkpt lat="51.512741" lon="-0.124915"><ele>44.4</ele><time>2026-10-04T18:11:37.000Z</time><extensions><gpxtpx:TrackPointExtension><gpxtpx:hr>139</gpxtpx:hr></gpxtpx:TrackPointExtension></extensions></trkpt>
<trkpt lat="51.512725" lon="-0.125009"><ele>44.2</ele><time>2026-10-04T18:11:40.000Z</time><extensions><gpxtpx:TrackPointExtension><gpxtpx:hr>138</gpxtpx:hr></gpxtpx:TrackPointExtension></extensions></trkpt>
<trkpt lat="51.512708" lon="-0.125103"><ele>43.9</ele><time>2026-10-04T18:11:43.000Z</time><extensions><gpxtpx:TrackPointExtension><gpxtpx:hr>138</gpxtpx:hr></gpxtpx:TrackPointExtension></extensions></trkpt>
<trkpt lat="51.512692" lon="-0.125195"><ele>43.6</ele><time>2026-10-04T18:11:45.000Z</time><extensions><gpxtpx:TrackPointExtension><gpxtpx:hr>138</gpxtpx:hr></gpxtpx:TrackPointExtension></extensions></trkpt>
<trkpt lat="51.512675" lon="-0.125287"><ele>43.3</ele><time>2026-10-04T18:11:47.000Z</time><extensions><gpxtpx:TrackPointExtension><gpxtpx:hr>138</gpxtpx:hr></gpxtpx:TrackPointExtension></extensions></trkpt>
<trkpt lat="51.512659" lon="-0.125377"><ele>43.0</ele><time>2026-10-04T18:11:50.000Z</time><extensions><gpxtpx:TrackPointExtension><gpxtpx:hr>138</gpxtpx:hr></gpxtpx:TrackPointExtension></extensions></trkpt>
<trkpt lat="51.512643" lon="-0.125466"><ele>42.6</ele><time>2026-10-04T18:11:52.000Z</time><extensions><gpxtpx:TrackPointExtension><gpxtpx:hr>137</gpxtpx:hr></gpxtpx:TrackPointExtension></extensions></trkpt>
<trkpt lat="51.512627" lon="-0.125555"><ele>42.3</ele><time>2026-10-04T18:11:55.000Z</time><extensions><gpxtpx:TrackPointExtension><gpxtpx:hr>137</gpxtpx:hr></gpxtpx:TrackPointExtension></extensions></trkpt>
<trkpt lat="51.512611" lon="-0.125642"><ele>41.9</ele><time>2026-10-04T18:11:57.000Z</time><extensions><gpxtpx:TrackPointExtension><gpxtpx:hr>137</gpxtpx:hr></gpxtpx:TrackPointExtension></extensions></trkpt>
<trkpt lat="51.512596" lon="-0.125728"><ele>41.5</ele><time>2026-10-04T18:11:59.000Z</time><extensions><gpxtpx:TrackPointExtension><gpxtpx:hr>137</gpxtpx:hr></gpxtpx:TrackPointExtension></extensions></trkpt>
<trkpt lat="51.512580" lon="-0.125814"><ele>41.0</ele><time>2026-10-04T18:12:02.000Z</time><extensions><gpxtpx:TrackPointExtension><gpxtpx:hr>137</gpxtpx:hr></gpxtpx:TrackPointExtension></extensions></trkpt>
<trkpt lat="51.512565" lon="-0.125898"><ele>40.6</ele><time>2026-10-04T18:12:04.000Z</time><extensions><gpxtpx:TrackPointExtension><gpxtpx:hr>136</gpxtpx:hr></gpxtpx:TrackPointExtension></extensions></trkpt>
<trkpt lat="51.512551" lon="-0.125982"><ele>40.1</ele><time>2026-10-04T18:12:06.000Z</time><extensions><gpxtpx:TrackPointExtension><gpxtpx:hr>136</gpxtpx:hr></gpxtpx:TrackPointExtension></extensions></trkpt>
<trkpt lat="51.512536" lon="-0.126065"><ele>39.7</ele><time>2026-10-04T18:12:09.000Z</time><extensions><gpxtpx:TrackPointExtension><gpxtpx:hr>136</gpxtpx:hr></gpxtpx:TrackPointExtension></extensions></trkpt>
<trkpt lat="51.512523" lon="-0.126147"><ele>39.2</ele><time>2026-10-04T18:12:11.000Z</time><extensions><gpxtpx:TrackPointExtension><gpxtpx:hr>136</gpxtpx:hr></gpxtpx:TrackPointExtension></extensions></trkpt>
<trkpt lat="51.512509" lon="-0.126228"><ele>38.7</ele><time>2026-10-04T18:12:13.000Z</time><extensions><gpxtpx:TrackPointExtension><gpxtpx:hr>136</gpxtpx:hr></gpxtpx:TrackPointExtension></extensions></trkpt>
<trkpt lat="51.512496" lon="-0.126308"><ele>38.1</ele><time>2026-10-04T18:12:15.000Z</time><extensions><gpxtpx:TrackPointExtension><gpxtpx:hr>136</gpxtpx:hr></gpxtpx:TrackPointExtension></extensions></trkpt>
<trkpt lat="51.512484" lon="-0.126388"><ele>37.6</ele><time>2026-10-04T18:12:17.000Z</time><extensions><gpxtpx:TrackPointExtension><gpxtpx:hr>135</gpxtpx:hr></gpxtpx:TrackPointExtension></extensions></trkpt>
<trkpt lat="51.512472" lon="-0.126467"><ele>37.1</ele><time>2026-10-04T18:12:19.000Z</time><extensions><gpxtpx:TrackPointExtension><gpxtpx:hr>135</gpxtpx:hr></gpxtpx:TrackPointExtension></extensions></trkpt>
<trkpt lat="51.512460" lon="-0.126545"><ele>36.5</ele><time>2026-10-04T18:12:22.000Z</time><extensions><gpxtpx:TrackPointExtension><gpxtpx:hr>135</gpxtpx:hr></gpxtpx:TrackPointExtension></extensions></trkpt>
<trkpt lat="51.512449" lon="-0.126622"><ele>36.0</ele><time>2026-10-04T18:12:24.000Z</time><extensions><gpxtpx:TrackPointExtension><gpxtpx:hr>135</gpxtpx:hr></gpxtpx:TrackPointExtension></extensions></trkpt>
<trkpt lat="51.512439" lon="-0.126699"><ele>35.4</ele><time>2026-10-04T18:12:26.000Z</time><extensions><gpxtpx:TrackPointExtension><gpxtpx:hr>135</gpxtpx:hr></gpxtpx:TrackPointExtension></extensions></trkpt>
<trkpt lat="51.512429" lon="-0.126775"><ele>34.8</ele><time>2026-10-04T18:12:28.000Z</time><extensions><gpxtpx:TrackPointExtension><gpxtpx:hr>135</gpxtpx:hr></gpxtpx:TrackPointExtension></extensions></trkpt>
<trkpt lat="51.512420" lon="-0.126851"><ele>34.2</ele><time>2026-10-04T18:12:30.000Z</time><extensions><gpxtpx:TrackPointExtension><gpxtpx:hr>135</gpxtpx:hr></gpxtpx:TrackPointExtension></extensions></trkpt>
<trkpt lat="51.512411" lon="-0.126926"><ele>33.7</ele><time>2026-10-04T18:12:32.000Z</time><extensions><gpxtpx:TrackPointExtension><gpxtpx:hr>135</gpxtpx:hr></gpxtpx:TrackPointExtension></extensions></trkpt>
<trkpt lat="51.512403" lon="-0.127001"><ele>33.1</ele><time>2026-10-04T18:12:34.000Z</time><extensions><gpxtpx:TrackPointExtension><gpxtpx:hr>134</gpxtpx:hr></gpxtpx:TrackPointExtension></extensions></trkpt>
<trkpt lat="51.512396" lon="-0.127075"><ele>32.5</ele><time>2026-10-04T18:12:36.000Z</time><extensions><gpxtpx:TrackPointExtension><gpxtpx:hr>134</gpxtpx:hr></gpxtpx:TrackPointExtension></extensions></trkpt>
<trkpt lat="51.512389" lon="-0.127149"><ele>31.9</ele><time>2026-10-04T18:12:38.000Z</time><extensions><gpxtpx:TrackPointExtension><gpxtpx:hr>134</gpxtpx:hr></gpxtpx:TrackPointExtension></extensions></trkpt>
<trkpt lat="51.512383" lon="-0.127222"><ele>31.3</ele><time>2026-10-04T18:12:40.000Z</time><extensions><gpxtpx:TrackPointExtension><gpxtpx:hr>134</gpxtpx:hr></gpxtpx:TrackPointExtension></extensions></trkpt>
<trkpt lat="51.512378" lon="-0.127295"><ele>30.7</ele><time>2026-10-04T18:12:42.000Z</time><extensions><gpxtpx:TrackPointExtension><gpxtpx:hr>134</gpxtpx:hr></gpxtpx:TrackPointExtension></extensions></trkpt>
<trkpt lat="51.512373" lon="-0.127368"><ele>30.1</ele><time>2026-10-04T18:12:44.000Z</time><extensions><gpxtpx:TrackPointExtension><gpxtpx:hr>134</gpxtpx:hr></gpxtpx:TrackPointExtension></extensions></trkpt>
<trkpt lat="51.512369" lon="-0.127440"><ele>29.5</ele><time>2026-10-04T18:12:46.000Z</time><extensions><gpxtpx:TrackPointExtension><gpxtpx:hr>134</gpxtpx:hr></gpxtpx:TrackPointExtension></extensions></trkpt>
<trkpt lat="51.512366" lon="-0.127512"><ele>29.0</ele><time>2026-10-04T18:12:48.000Z</time><extensions><gpxtpx:TrackPointExtension><gpxtpx:hr>134</gpxtpx:hr></gpxtpx:TrackPointExtension></extensions></trkpt>
<trkpt lat="51.512363" lon="-0.127584"><ele>28.4</ele><time>2026-10-04T18:12:50.000Z</time><extensions><gpxtpx:TrackPointExtension><gpxtpx:hr>134</gpxtpx:hr></gpxtpx:TrackPointExtension></extensions></trkpt>
<trkpt lat="51.512361" lon="-0.127656"><ele>27.8</ele><time>2026-10-04T18:12:52.000Z</time><extensions><gpxtpx:TrackPointExtension><gpxtpx:hr>134</gpxtpx:hr></gpxtpx:TrackPointExtension></extensions></trkpt>
<trkpt lat="51.512360" lon="-0.127728"><ele>27.3</ele><time>2026-10-04T18:12:53.000Z</time><extensions><gpxtpx:TrackPointExtension><gpxtpx:hr>134</gpxtpx:hr></gpxtpx:TrackPointExtension></extensions></trkpt>
<trkpt lat="51.512360" lon="-0.127800"><ele>26.7</ele><time>2026-10-04T18:12:55.000Z</time><extensions><gpxtpx:TrackPointExtension><gpxtpx:hr>134</gpxtpx:hr></gpxtpx:TrackPointExtension></extensions></trkpt>
<trkpt lat="51.512360" lon="-0.127872"><ele>26.2</ele><time>2026-10-04T18:12:57.000Z</time><extensions><gpxtpx:TrackPointExtension><gpxtpx:hr>134</gpxtpx:hr></gpxtpx:TrackPointExtension></extensions></trkpt>
<trkpt lat="51.512361" lon="-0.127944"><ele>25.7</ele><time>2026-10-04T18:12:59.000Z</time><extensions><gpxtpx:TrackPointExtension><gpxtpx:hr>134</gpxtpx:hr></gpxtpx:TrackPointExtension></extensions></trkpt>
<trkpt lat="51.512363" lon="-0.128016"><ele>25.2</ele><time>2026-10-04T18:13:01.000Z</time><extensions><gpxtpx:TrackPointExtension><gpxtpx:hr>134</gpxtpx:hr></gpxtpx:TrackPointExtension></extensions></trkpt>
<trkpt lat="51.512366" lon="-0.128088"><ele>24.7</ele><time>2026-10-04T18:13:03.000Z</time><extensions><gpxtpx:TrackPointExtension><gpxtpx:hr>134</gpxtpx:hr></gpxtpx:TrackPointExtension></extensions></trkpt>
<trkpt lat="51.512369" lon="-0.128160"><ele>24.2</ele><time>2026-10-04T18:13:05.000Z</time><extensions><gpxtpx:TrackPointExtension><gpxtpx:hr>134</gpxtpx:hr></gpxtpx:TrackPointExtension></extensions></trkpt>
<trkpt lat="51.512373" lon="-0.128232"><ele>23.7</ele><time>2026-10-04T18:13:07.000Z</time><extensions><gpxtpx:TrackPointExtension><gpxtpx:hr>134</gpxtpx:hr></gpxtpx:TrackPointExtension></extensions></trkpt>
<trkpt lat="51.512378" lon="-0.128305"><ele>23.3</ele><time>2026-10-04T18:13:09.000Z</time><extensions><gpxtpx:TrackPointExtension><gpxtpx:hr>134</gpxtpx:hr></gpxtpx:TrackPointExtension></extensions></trkpt>
<trkpt lat="51.512383" lon="-0.128378"><ele>22.8</ele><time>2026-10-04T18:13:11.000Z</time><extensions><gpxtpx:TrackPointExtension><gpxtpx:hr>134</gpxtpx:hr></gpxtpx:TrackPointExtension></extensions></trkpt>
<trkpt lat="51.512389" lon="-0.128451"><ele>22.4</ele><time>2026-10-04T18:13:13.000Z</time><extensions><gpxtpx:TrackPointExtension><gpxtpx:hr>134</gpxtpx:hr></gpxtpx:TrackPointExtension></extensions></trkpt>
<trkpt lat="51.512396" lon="-0.128525"><ele>22.0</ele><time>2026-10-04T18:13:15.000Z</time><extensions><gpxtpx:TrackPointExtension><gpxtpx:hr>134</gpxtpx:hr></gpxtpx:TrackPointExtension></extensions></trkpt>
<trkpt lat="51.512403" lon="-0.128599"><ele>21.7</ele><time>2026-10-04T18:13:17.000Z</time><extensions><gpxtpx:TrackPointExtension><gpxtpx:hr>134</gpxtpx:hr></gpxtpx:TrackPointExtension></extensions></trkpt>
<trkpt lat="51.512411" lon="-0.128674"><ele>21.3</ele><time>2026-10-04T18:13:19.000Z</time><extensions><gpxtpx:TrackPointExtension><gpxtpx:hr>134</gpxtpx:hr></gpxtpx:TrackPointExtension></extensions></trkpt>
<trkpt lat="51.512420" lon="-0.128749"><ele>21.0</ele><time>2026-10-04T18:13:21.000Z</time><extensions><gpxtpx:TrackPointExtension><gpxtpx:hr>134</gpxtpx:hr></gpxtpx:TrackPointExtension></extensions></trkpt>
<trkpt lat="51.512429" lon="-0.128825"><ele>20.6</ele><time>2026-10-04T18:13:23.000Z</time><extensions><gpxtpx:TrackPointExtension><gpxtpx:hr>134</gpxtpx:hr></gpxtpx:TrackPointExtension></extensions></trkpt>
<trkpt lat="51.512439" lon="-0.128901"><ele>20.3</ele><time>2026-10-04T18:13:25.000Z</time><extensions><gpxtpx:TrackPointExtension><gpxtpx:hr>134</gpxtpx:hr></gpxtpx:TrackPointExtension></extensions></trkpt>
<trkpt lat="51.512449" lon="-0.128978"><ele>20.1</ele><time>2026-10-04T18:13:27.000Z</time><extensions><gpxtpx:TrackPointExtension><gpxtpx:hr>135</gpxtpx:hr></gpxtpx:TrackPointExtension></extensions></trkpt>
<trkpt lat="51.512460" lon="-0.129055"><ele>19.8</ele><time>2026-10-04T18:13:30.000Z</time><extensions><gpxtpx:TrackPointExtension><gpxtpx:hr>135</gpxtpx:hr></gpxtpx:TrackPointExtension></extensions></trkpt>
<trkpt lat="51.512472" lon="-0.129133"><ele>19.6</ele><time>2026-10-04T18:13:32.000Z</time><extensions><gpxtpx:TrackPointExtension><gpxtpx:hr>135</gpxtpx:hr></gpxtpx:TrackPointExtension></extensions></trkpt>
<trkpt lat="51.512484" lon="-0.129212"><ele>19.3</ele><time>2026-10-04T18:13:34.000Z</time><extensions><gpxtpx:TrackPointExtension><gpxtpx:hr>135</gpxtpx:hr></gpxtpx:TrackPointExtension></extensions></trkpt>
<trkpt lat="51.512496" lon="-0.129292"><ele>19.1</ele><time>2026-10-04T18:13:36.000Z</time><extensions><gpxtpx:TrackPointExtension><gpxtpx:hr>135</gpxtpx:hr></gpxtpx:TrackPointExtension></extensions></trkpt>
<trkpt lat="51.512509" lon="-0.129372"><ele>19.0</ele><time>2026-10-04T18:13:38.000Z</time><extensions><gpxtpx:TrackPointExtension><gpxtpx:hr>135</gpxtpx:hr></gpxtpx:TrackPointExtension></extensions></trkpt>
<trkpt lat="51.512523" lon="-0.129453"><ele>18.8</ele><time>2026-10-04T18:13:41.000Z</time><extensions><gpxtpx:TrackPointExtension><gpxtpx:hr>135</gpxtpx:hr></gpxtpx:TrackPointExtension></extensions></trkpt>
<trkpt lat="51.512536" lon="-0.129535"><ele>18.7</ele><time>2026-10-04T18:13:43.000Z</time><extensions><gpxtpx:TrackPointExtension><gpxtpx:hr>136</gpxtpx:hr></gpxtpx:TrackPointExtension></extensions></trkpt>
<trkpt lat="51.512551" lon="-0.129618"><ele>18.6</ele><time>2026-10-04T18:13:45.000Z</time><extensions><gpxtpx:TrackPointExtension><gpxtpx:hr>136</gpxtpx:hr></gpxtpx:TrackPointExtension></extensions></trkpt>
<trkpt lat="51.512565" lon="-0.129702"><ele>18.5</ele><time>2026-10-04T18:13:47.000Z</time><extensions><gpxtpx:TrackPointExtension><gpxtpx:hr>136</gpxtpx:hr></gpxtpx:TrackPointExtension></extensions></trkpt>
<trkpt lat="51.512580" lon="-0.129786"><ele>18.4</ele><time>2026-10-04T18:13:50.000Z</time><extensions><gpxtpx:TrackPointExtension><gpxtpx:hr>136</gpxtpx:hr></gpxtpx:TrackPointExtension></extensions></trkpt>
<trkpt lat="51.512596" lon="-0.129872"><ele>18.4</ele><time>2026-10-04T18:13:52.000Z</time><extensions><gpxtpx:TrackPointExtension><gpxtpx:hr>136</gpxtpx:hr></gpxtpx:TrackPointExtension></extensions></trkpt>
<trkpt lat="51.512611" lon="-0.129958"><ele>18.3</ele><time>2026-10-04T18:13:55.000Z</time><extensions><gpxtpx:TrackPointExtension><gpxtpx:hr>137</gpxtpx:hr></gpxtpx:TrackPointExtension></extensions></trkpt>
<trkpt lat="51.512627" lon="-0.130045"><ele>18.3</ele><time>2026-10-04T18:13:57.000Z</time><extensions><gpxtpx:TrackPointExtension><gpxtpx:hr>137</gpxtpx:hr></gpxtpx:TrackPointExtension></extensions></trkpt>
<trkpt lat="51.512643" lon="-0.130134"><ele>18.3</ele><time>2026-10-04T18:13:59.000Z</time><extensions><gpxtpx:TrackPointExtension><gpxtpx:hr>137</gpxtpx:hr></gpxtpx:TrackPointExtension></extensions></trkpt>
<trkpt lat="51.512659" lon="-0.130223"><ele>18.3</ele><time>2026-10-04T18:14:02.000Z</time><extensions><gpxtpx:TrackPointExtension><gpxtpx:hr>137</gpxtpx:hr></gpxtpx:TrackPointExtension></extensions></trkpt>
<trkpt lat="51.512675" lon="-0.130313"><ele>18.4</ele><time>2026-10-04T18:14:04.000Z</time><extensions><gpxtpx:TrackPointExtension><gpxtpx:hr>138</gpxtpx:hr></gpxtpx:TrackPointExtension></extensions></trkpt>
<trkpt lat="51.512692" lon="-0.130405"><ele>18.4</ele><time>2026-10-04T18:14:07.000Z</time><extensions><gpxtpx:TrackPointExtension><gpxtpx:hr>138</gpxtpx:hr></gpxtpx:TrackPointExtension></extensions></trkpt>
<trkpt lat="51.512708" lon="-0.130497"><ele>18.5</ele><time>2026-10-04T18:14:10.000Z</time><extensions><gpxtpx:TrackPointExtension><gpxtpx:hr>138</gpxtpx:hr></gpxtpx:TrackPointExtension></extensions></trkpt>
<trkpt lat="51.512725" lon="-0.130591"><ele>18.6</ele><time>2026-10-04T18:14:12.000Z</time><extensions><gpxtpx:TrackPointExtension><gpxtpx:hr>138</gpxtpx:hr></gpxtpx:TrackPointExtension></extensions></trkpt>
<trkpt lat="51.512741" lon="-0.130685"><ele>18.6</ele><time>2026-10-04T18:14:15.000Z</time><extensions><gpxtpx:TrackPointExtension><gpxtpx:hr>139</gpxtpx:hr></gpxtpx:TrackPointExtension></extensions></trkpt>
<trkpt lat="51.512758" lon="-0.130781"><ele>18.7</ele><time>2026-10-04T18:14:17.000Z</time><extensions><gpxtpx:TrackPointExtension><gpxtpx:hr>139</gpxtpx:hr></gpxtpx:TrackPointExtension></extensions></trkpt>
<trkpt lat="51.512775" lon="-0.130877"><ele>18.9</ele><time>2026-10-04T18:14:20.000Z</time><extensions><gpxtpx:TrackPointExtension><gpxtpx:hr>139</gpxtpx:hr></gpxtpx:TrackPointExtension></extensions></trkpt>
<trkpt lat="51.512791" lon="-0.130975"><ele>19.0</ele><time>2026-10-04T18:14:23.000Z</time><extensions><gpxtpx:TrackPointExtension><gpxtpx:hr>140</gpxtpx:hr></gpxtpx:TrackPointExtension></extensions></trkpt>
<trkpt lat="51.512807" lon="-0.131073"><ele>19.1</ele><time>2026-10-04T18:14:25.000Z</time><extensions><gpxtpx:TrackPointExtension><gpxtpx:hr>140</gpxtpx:hr></gpxtpx:TrackPointExtension></extensions></trkpt>
<trkpt lat="51.512823" lon="-0.131173"><ele>19.3</ele><time>2026-10-04T18:14:28.000Z</time><extensions><gpxtpx:TrackPointExtension><gpxtpx:hr>140</gpxtpx:hr></gpxtpx:TrackPointExtension></extensions></trkpt>
<trkpt lat="51.512839" lon="-0.131273"><ele>19.4</ele><time>2026-10-04T18:14:31.000Z</time><extensions><gpxtpx:TrackPointExtension><gpxtpx:hr>141</gpxtpx:hr></gpxtpx:TrackPointExtension></extensions></trkpt>
<trkpt lat="51.512855" lon="-0.131375"><ele>19.6</ele><time>2026-10-04T18:14:34.000Z</time><extensions><gpxtpx:TrackPointExtension><gpxtpx:hr>141</gpxtpx:hr></gpxtpx:TrackPointExtension></extensions></trkpt>
<trkpt lat="51.512870" lon="-0.131478"><ele>19.7</ele><time>2026-10-04T18:14:36.000Z</time><extensions><gpxtpx:TrackPointExtension><gpxtpx:hr>141</gpxtpx:hr></gpxtpx:TrackPointExtension></extensions></trkpt>
<trkpt lat="51.512885" lon="-0.131582"><ele>19.9</ele><time>2026-10-04T18:14:39.000Z</time><extensions><gpxtpx:TrackPointExtension><gpxtpx:hr>142</gpxtpx:hr></gpxtpx:TrackPointExtension></extensions></trkpt>
<trkpt lat="51.512900" lon="-0.131686"><ele>20.1</ele><time>2026-10-04T18:14:42.000Z</time><extensions><gpxtpx:TrackPointExtension><gpxtpx:hr>142</gpxtpx:hr></gpxtpx:TrackPointExtension></extensions></trkpt>
<trkpt lat="51.512914" lon="-0.131792"><ele>20.3</ele><time>2026-10-04T18:14:45.000Z</time><extensions><gpxtpx:TrackPointExtension><gpxtpx:hr>142</gpxtpx:hr></gpxtpx:TrackPointExtension></extensions></trkpt>
<trkpt lat="51.512928" lon="-0.131898"><ele>20.4</ele><time>2026-10-04T18:14:48.000Z</time><extensions><gpxtpx:TrackPointExtension><gpxtpx:hr>143</gpxtpx:hr></gpxtpx:TrackPointExtension></extensions></trkpt>
<trkpt lat="51.512942" lon="-0.132006"><ele>20.6</ele><time>2026-10-04T18:14:51.000Z</time><extensions><gpxtpx:TrackPointExtension><gpxtpx:hr>143</gpxtpx:hr></gpxtpx:TrackPointExtension></extensions></trkpt>
<trkpt lat="51.512955" lon="-0.132114"><ele>20.8</ele><time>2026-10-04T18:14:53.000Z</time><extensions><gpxtpx:TrackPointExtension><gpxtpx:hr>143</gpxtpx:hr></gpxtpx:TrackPointExtension></extensions></trkpt>
<trkpt lat="51.512967" lon="-0.132224"><ele>20.9</ele><time>2026-10-04T18:14:56.000Z</time><extensions><gpxtpx:TrackPointExtension><gpxtpx:hr>144</gpxtpx:hr></gpxtpx:TrackPointExtension></extensions></trkpt>
<trkpt lat="51.512979" lon="-0.132334"><ele>21.1</ele><time>2026-10-04T18:14:59.000Z</time><extensions><gpxtpx:TrackPointExtension><gpxtpx:hr>144</gpxtpx:hr></gpxtpx:TrackPointExtension></extensions></trkpt>
<trkpt lat="51.512990" lon="-0.132445"><ele>21.3</ele><time>2026-10-04T18:15:02.000Z</time><extensions><gpxtpx:TrackPointExtension><gpxtpx:hr>145</gpxtpx:hr></gpxtpx:TrackPointExtension></extensions></trkpt>
<trkpt lat="51.513000" lon="-0.132557"><ele>21.4</ele><time>2026-10-04T18:15:05.000Z</time><extensions><gpxtpx:TrackPointExtension><gpxtpx:hr>145</gpxtpx:hr></gpxtpx:TrackPointExtension></extensions></trkpt>
<trkpt lat="51.513010" lon="-0.132669"><ele>21.6</ele><time>2026-10-04T18:15:08.000Z</time><extensions><gpxtpx:TrackPointExtension><gpxtpx:hr>145</gpxtpx:hr></gpxtpx:TrackPointExtension></extensions></trkpt>
<trkpt lat="51.513019" lon="-0.132783"><ele>21.7</ele><time>2026-10-04T18:15:11.000Z</time><extensions><gpxtpx:TrackPointExtension><gpxtpx:hr>146</gpxtpx:hr></gpxtpx:TrackPointExtension></extensions></trkpt>
<trkpt lat="51.513028" lon="-0.132897"><ele>21.9</ele><time>2026-10-04T18:15:14.000Z</time><extensions><gpxtpx:TrackPointExtension><gpxtpx:hr>146</gpxtpx:hr></gpxtpx:TrackPointExtension></extensions></trkpt>
<trkpt lat="51.513035" lon="-0.133012"><ele>22.0</ele><time>2026-10-04T18:15:17.000Z</time><extensions><gpxtpx:TrackPointExtension><gpxtpx:hr>147</gpxtpx:hr></gpxtpx:TrackPointExtension></extensions></trkpt>
<trkpt lat="51.513042" lon="-0.133127"><ele>22.1</ele><time>2026-10-04T18:15:20.000Z</time><extensions><gpxtpx:TrackPointExtension><gpxtpx:hr>147</gpxtpx:hr></gpxtpx:TrackPointExtension></extensions></trkpt>
<trkpt lat="51.513048" lon="-0.133243"><ele>22.2</ele><time>2026-10-04T18:15:23.000Z</time><extensions><gpxtpx:TrackPointExtension><gpxtpx:hr>148</gpxtpx:hr></gpxtpx:TrackPointExtension></extensions></trkpt>
<trkpt lat="51.513053" lon="-0.133360"><ele>22.3</ele><time>2026-10-04T18:15:26.000Z</time><extensions><gpxtpx:TrackPointExtension><gpxtpx:hr>148</gpxtpx:hr></gpxtpx:TrackPointExtension></extensions></trkpt>
<trkpt lat="51.513057" lon="-0.133477"><ele>22.4</ele><time>2026-10-04T18:15:29.000Z</time><extensions><gpxtpx:TrackPointExtension><gpxtpx:hr>149</gpxtpx:hr></gpxtpx:TrackPointExtension></extensions></trkpt>
<trkpt lat="51.513061" lon="-0.133594"><ele>22.5</ele><time>2026-10-04T18:15:32.000Z</time><extensions><gpxtpx:TrackPointExtension><gpxtpx:hr>149</gpxtpx:hr></gpxtpx:TrackPointExtension></extensions></trkpt>
<trkpt lat="51.513063" lon="-0.133712"><ele>22.5</ele><time>2026-10-04T18:15:35.000Z</time><extensions><gpxtpx:TrackPointExtension><gpxtpx:hr>149</gpxtpx:hr></gpxtpx:TrackPointExtension></extensions></trkpt>
<trkpt lat="51.513064" lon="-0.133830"><ele>22.6</ele><time>2026-10-04T18:15:38.000Z</time><extensions><gpxtpx:TrackPointExtension><gpxtpx:hr>150</gpxtpx:hr></gpxtpx:TrackPointExtension></extensions></trkpt>
<trkpt lat="51.513064" lon="-0.133949"><ele>22.6</ele><time>2026-10-04T18:15:41.000Z</time><extensions><gpxtpx:TrackPointExtension><gpxtpx:hr>150</gpxtpx:hr></gpxtpx:TrackPointExtension></extensions></trkpt>
<trkpt lat="51.513063" lon="-0.134068"><ele>22.7</ele><time>2026-10-04T18:15:44.000Z</time><extensions><gpxtpx:TrackPointExtension><gpxtpx:hr>151</gpxtpx:hr></gpxtpx:TrackPointExtension></extensions></trkpt>
<trkpt lat="51.513061" lon="-0.134187"><ele>22.7</ele><time>2026-10-04T18:15:47.000Z</time><extensions><gpxtpx:TrackPointExtension><gpxtpx:hr>151</gpxtpx:hr></gpxtpx:TrackPointExtension></extensions></trkpt>
<trkpt lat="51.513058" lon="-0.134306"><ele>22.7</ele><time>2026-10-04T18:15:50.000Z</time><extensions><gpxtpx:TrackPointExtension><gpxtpx:hr>152</gpxtpx:hr></gpxtpx:TrackPointExtension></extensions></trkpt>
<trkpt lat="51.513054" lon="-0.134426"><ele>22.6</ele><time>2026-10-04T18:15:53.000Z</time><extensions><gpxtpx:TrackPointExtension><gpxtpx:hr>152</gpxtpx:hr></gpxtpx:TrackPointExtension></extensions></trkpt>
<trkpt lat="51.513049" lon="-0.134545"><ele>22.6</ele><time>2026-10-04T18:15:56.000Z</time><extensions><gpxtpx:TrackPointExtension><gpxtpx:hr>153</gpxtpx:hr></gpxtpx:TrackPointExtension></extensions></trkpt>
<trkpt lat="51.513042" lon="-0.134665"><ele>22.5</ele><time>2026-10-04T18:15:59.000Z</time><extensions><gpxtpx:TrackPointExtension><gpxtpx:hr>153</gpxtpx:hr></gpxtpx:TrackPointExtension></extensions></trkpt>
<trkpt lat="51.513035" lon="-0.134784"><ele>22.5</ele><time>2026-10-04T18:16:02.000Z</time><extensions><gpxtpx:TrackPointExtension><gpxtpx:hr>154</gpxtpx:hr></gpxtpx:TrackPointExtension></extensions></trkpt>
<trkpt lat="51.513026" lon="-0.134904"><ele>22.4</ele><time>2026-10-04T18:16:05.000Z</time><extensions><gpxtpx:TrackPointExtension><gpxtpx:hr>154</gpxtpx:hr></gpxtpx:TrackPointExtension></extensions></trkpt>
<trkpt lat="51.513016" lon="-0.135023"><ele>22.3</ele><time>2026-10-04T18:16:08.000Z</time><extensions><gpxtpx:TrackPointExtension><gpxtpx:hr>155</gpxtpx:hr></gpxtpx:TrackPointExtension></extensions></trkpt>
<trkpt lat="51.513004" lon="-0.135142"><ele>22.2</ele><time>2026-10-04T18:16:11.000Z</time><extensions><gpxtpx:TrackPointExtension><gpxtpx:hr>155</gpxtpx:hr></gpxtpx:TrackPointExtension></extensions></trkpt>
<trkpt lat="51.512991" lon="-0.135261"><ele>22.0</ele><time>2026-10-04T18:16:14.000Z</time><extensions><gpxtpx:TrackPointExtension><gpxtpx:hr>156</gpxtpx:hr></gpxtpx:TrackPointExtension></extensions></trkpt>
<trkpt lat="51.512977" lon="-0.135379"><ele>21.9</ele><time>2026-10-04T18:16:17.000Z</time><extensions><gpxtpx:TrackPointExtension><gpxtpx:hr>156</gpxtpx:hr></gpxtpx:TrackPointExtension></extensions></trkpt>
<trkpt lat="51.512962" lon="-0.135497"><ele>21.7</ele><time>2026-10-04T18:16:20.000Z</time><extensions><gpxtpx:TrackPointExtension><gpxtpx:hr>157</gpxtpx:hr></gpxtpx:TrackPointExtension></extensions></trkpt>
<trkpt lat="51.512946" lon="-0.135614"><ele>21.6</ele><time>2026-10-04T18:16:23.000Z</time><extensions><gpxtpx:TrackPointExtension><gpxtpx:hr>157</gpxtpx:hr></gpxtpx:TrackPointExtension></extensions></trkpt>
<trkpt lat="51.512928" lon="-0.135731"><ele>21.4</ele><time>2026-10-04T18:16:26.000Z</time><extensions><gpxtpx:TrackPointExtension><gpxtpx:hr>158</gpxtpx:hr></gpxtpx:TrackPointExtension></extensions></trkpt>
<trkpt lat="51.512908" lon="-0.135848"><ele>21.2</ele><time>2026-10-04T18:16:29.000Z</time><extensions><gpxtpx:TrackPointExtension><gpxtpx:hr>158</gpxtpx:hr></gpxtpx:TrackPointExtension></extensions></trkpt>
<trkpt lat="51.512888" lon="-0.135964"><ele>21.0</ele><time>2026-10-04T18:16:32.000Z</time><extensions><gpxtpx:TrackPointExtension><gpxtpx:hr>159</gpxtpx:hr></gpxtpx:TrackPointExtension></extensions></trkpt>
<trkpt lat="51.512866" lon="-0.136079"><ele>20.8</ele><time>2026-10-04T18:16:35.000Z</time><extensions><gpxtpx:TrackPointExtension><gpxtpx:hr>159</gpxtpx:hr></gpxtpx:TrackPointExtension></extensions></trkpt>
<trkpt lat="51.512843" lon="-0.136193"><ele>20.5</ele><time>2026-10-04T18:16:37.000Z</time><extensions><gpxtpx:TrackPointExtension><gpxtpx:hr>160</gpxtpx:hr></gpxtpx:TrackPointExtension></extensions></trkpt>
<trkpt lat="51.512818" lon="-0.136306"><ele>20.3</ele><time>2026-10-04T18:16:40.000Z</time><extensions><gpxtpx:TrackPointExtension><gpxtpx:hr>160</gpxtpx:hr></gpxtpx:TrackPointExtension></extensions></trkpt>
<trkpt lat="51.512792" lon="-0.136419"><ele>20.0</ele><time>2026-10-04T18:16:43.000Z</time><extensions><gpxtpx:TrackPointExtension><gpxtpx:hr>161</gpxtpx:hr></gpxtpx:TrackPointExtension></extensions></trkpt>
<trkpt lat="51.512764" lon="-0.136530"><ele>19.8</ele><time>2026-10-04T18:16:46.000Z</time><extensions><gpxtpx:TrackPointExtension><gpxtpx:hr>161</gpxtpx:hr></gpxtpx:TrackPointExtension></extensions></trkpt>
<trkpt lat="51.512736" lon="-0.136641"><ele>19.5</ele><time>2026-10-04T18:16:49.000Z</time><extensions><gpxtpx:TrackPointExtension><gpxtpx:hr>162</gpxtpx:hr></gpxtpx:TrackPointExtension></extensions></trkpt>
<trkpt lat="51.512705" lon="-0.136750"><ele>19.2</ele><time>2026-10-04T18:16:52.000Z</time><extensions><gpxtpx:TrackPointExtension><gpxtpx:hr>162</gpxtpx:hr></gpxtpx:TrackPointExtension></extensions></trkpt>
<trkpt lat="51.512674" lon="-0.136858"><ele>18.9</ele><time>2026-10-04T18:16:55.000Z</time><extensions><gpxtpx:TrackPointExtension><gpxtpx:hr>163</gpxtpx:hr></gpxtpx:TrackPointExtension></extensions></trkpt>
<trkpt lat="51.512641" lon="-0.136965"><ele>18.7</ele><time>2026-10-04T18:16:58.000Z</time><extensions><gpxtpx:TrackPointExtension><gpxtpx:hr>163</gpxtpx:hr></gpxtpx:TrackPointExtension></extensions></trkpt>
<trkpt lat="51.512607" lon="-0.137071"><ele>18.4</ele><time>2026-10-04T18:17:01.000Z</time><extensions><gpxtpx:TrackPointExtension><gpxtpx:hr>164</gpxtpx:hr></gpxtpx:TrackPointExtension></extensions></trkpt>
<trkpt lat="51.512571" lon="-0.137176"><ele>18.1</ele><time>2026-10-04T18:17:03.000Z</time><extensions><gpxtpx:TrackPointExtension><gpxtpx:hr>164</gpxtpx:hr></gpxtpx:TrackPointExtension></extensions></trkpt>
<trkpt lat="51.512534" lon="-0.137278"><ele>17.8</ele><time>2026-10-04T18:17:06.000Z</time><extensions><gpxtpx:TrackPointExtension><gpxtpx:hr>165</gpxtpx:hr></gpxtpx:TrackPointExtension></extensions></trkpt>
<trkpt lat="51.512496" lon="-0.137380"><ele>17.5</ele><time>2026-10-04T18:17:09.000Z</time><extensions><gpxtpx:TrackPointExtension><gpxtpx:hr>165</gpxtpx:hr></gpxtpx:TrackPointExtension></extensions></trkpt>
<trkpt lat="51.512456" lon="-0.137480"><ele>17.2</ele><time>2026-10-04T18:17:12.000Z</time><extensions><gpxtpx:TrackPointExtension><gpxtpx:hr>166</gpxtpx:hr></gpxtpx:TrackPointExtension></extensions></trkpt>
<trkpt lat="51.512415" lon="-0.137578"><ele>16.9</ele><time>2026-10-04T18:17:15.000Z</time><extensions><gpxtpx:TrackPointExtension><gpxtpx:hr>166</gpxtpx:hr></gpxtpx:TrackPointExtension></extensions></trkpt>
<trkpt lat="51.512373" lon="-0.137675"><ele>16.6</ele><time>2026-10-04T18:17:18.000Z</time><extensions><gpxtpx:TrackPointExtension><gpxtpx:hr>167</gpxtpx:hr></gpxtpx:TrackPointExtension></extensions></trkpt>
<trkpt lat="51.512330" lon="-0.137770"><ele>16.3</ele><time>2026-10-04T18:17:20.000Z</time><extensions><gpxtpx:TrackPointExtension><gpxtpx:hr>167</gpxtpx:hr></gpxtpx:TrackPointExtension></extensions></trkpt>
<trkpt lat="51.512285" lon="-0.137864"><ele>16.0</ele><time>2026-10-04T18:17:23.000Z</time><extensions><gpxtpx:TrackPointExtension><gpxtpx:hr>168</gpxtpx:hr></gpxtpx:TrackPointExtension></extensions></trkpt>
<trkpt lat="51.512239" lon="-0.137955"><ele>15.7</ele><time>2026-10-04T18:17:26.000Z</time><extensions><gpxtpx:TrackPointExtension><gpxtpx:hr>168</gpxtpx:hr></gpxtpx:TrackPointExtension></extensions></trkpt>
<trkpt lat="51.512191" lon="-0.138045"><ele>15.5</ele><time>2026-10-04T18:17:29.000Z</time><extensions><gpxtpx:TrackPointExtension><gpxtpx:hr>169</gpxtpx:hr></gpxtpx:TrackPointExtension></extensions></trkpt>
<trkpt lat="51.512143" lon="-0.138132"><ele>15.2</ele><time>2026-10-04T18:17:31.000Z</time><extensions><gpxtpx:TrackPointExtension><gpxtpx:hr>169</gpxtpx:hr></gpxtpx:TrackPointExtension></extensions></trkpt>
<trkpt lat="51.512093" lon="-0.138218"><ele>15.0</ele><time>2026-10-04T18:17:34.000Z</time><extensions><gpxtpx:TrackPointExtension><gpxtpx:hr>170</gpxtpx:hr></gpxtpx:TrackPointExtension></extensions></trkpt>
<trkpt lat="51.512042" lon="-0.138302"><ele>14.7</ele><time>2026-10-04T18:17:37.000Z</time><extensions><gpxtpx:TrackPointExtension><gpxtpx:hr>170</gpxtpx:hr></gpxtpx:TrackPointExtension></extensions></trkpt>
<trkpt lat="51.511990" lon="-0.138384"><ele>14.5</ele><time>2026-10-04T18:17:40.000Z</time><extensions><gpxtpx:TrackPointExtension><gpxtpx:hr>171</gpxtpx:hr></gpxtpx:TrackPointExtension></extensions></trkpt>
<trkpt lat="51.511936" lon="-0.138463"><ele>14.3</ele><time>2026-10-04T18:17:42.000Z</time><extensions><gpxtpx:TrackPointExtension><gpxtpx:hr>171</gpxtpx:hr></gpxtpx:TrackPointExtension></extensions></trkpt>
<trkpt lat="51.511882" lon="-0.138541"><ele>14.0</ele><time>2026-10-04T18:17:45.000Z</time><extensions><gpxtpx:TrackPointExtension><gpxtpx:hr>172</gpxtpx:hr></gpxtpx:TrackPointExtension></extensions></trkpt>
<trkpt lat="51.511827" lon="-0.138616"><ele>13.8</ele><time>2026-10-04T18:17:48.000Z</time><extensions><gpxtpx:TrackPointExtension><gpxtpx:hr>172</gpxtpx:hr></gpxtpx:TrackPointExtension></extensions></trkpt>
<trkpt lat="51.511770" lon="-0.138689"><ele>13.7</ele><time>2026-10-04T18:17:50.000Z</time><extensions><gpxtpx:TrackPointExtension><gpxtpx:hr>173</gpxtpx:hr></gpxtpx:TrackPointExtension></extensions></trkpt>
<trkpt lat="51.511712" lon="-0.138760"><ele>13.5</ele><time>2026-10-04T18:17:53.000Z</time><extensions><gpxtpx:TrackPointExtension><gpxtpx:hr>173</gpxtpx:hr></gpxtpx:TrackPointExtension></extensions></trkpt>
<trkpt lat="51.511654" lon="-0.138828"><ele>13.4</ele><time>2026-10-04T18:17:56.000Z</time><extensions><gpxtpx:TrackPointExtension><gpxtpx:hr>173</gpxtpx:hr></gpxtpx:TrackPointExtension></extensions></trkpt>
<trkpt lat="51.511594" lon="-0.138894"><ele>13.2</ele><time>2026-10-04T18:17:59.000Z</time><extensions><gpxtpx:TrackPointExtension><gpxtpx:hr>174</gpxtpx:hr></gpxtpx:TrackPointExtension></extensions></trkpt>
<trkpt lat="51.511533" lon="-0.138958"><ele>13.1</ele><time>2026-10-04T18:18:01.000Z</time><extensions><gpxtpx:TrackPointExtension><gpxtpx:hr>174</gpxtpx:hr></gpxtpx:TrackPointExtension></extensions></trkpt>
<trkpt lat="51.511472" lon="-0.139019"><ele>13.0</ele><time>2026-10-04T18:18:04.000Z</time><extensions><gpxtpx:TrackPointExtension><gpxtpx:hr>175</gpxtpx:hr></gpxtpx:TrackPointExtension></extensions></trkpt>
<trkpt lat="51.511409" lon="-0.139078"><ele>12.9</ele><time>2026-10-04T18:18:07.000Z</time><extensions><gpxtpx:TrackPointExtension><gpxtpx:hr>175</gpxtpx:hr></gpxtpx:TrackPointExtension></extensions></trkpt>
<trkpt lat="51.511346" lon="-0.139134"><ele>12.9</ele><time>2026-10-04T18:18:09.000Z</time><extensions><gpxtpx:TrackPointExtension><gpxtpx:hr>176</gpxtpx:hr></gpxtpx:TrackPointExtension></extensions></trkpt>
<trkpt lat="51.511281" lon="-0.139188"><ele>12.9</ele><time>2026-10-04T18:18:12.000Z</time><extensions><gpxtpx:TrackPointExtension><gpxtpx:hr>176</gpxtpx:hr></gpxtpx:TrackPointExtension></extensions></trkpt>
<trkpt lat="51.511216" lon="-0.139239"><ele>12.8</ele><time>2026-10-04T18:18:15.000Z</time><extensions><gpxtpx:TrackPointExtension><gpxtpx:hr>176</gpxtpx:hr></gpxtpx:TrackPointExtension></extensions></trkpt>
<trkpt lat="51.511151" lon="-0.139288"><ele>12.9</ele><time>2026-10-04T18:18:17.000Z</time><extensions><gpxtpx:TrackPointExtension><gpxtpx:hr>177</gpxtpx:hr></gpxtpx:TrackPointExtension></extensions></trkpt>
<trkpt lat="51.511084" lon="-0.139334"><ele>12.9</ele><time>2026-10-04T18:18:20.000Z</time><extensions><gpxtpx:TrackPointExtension><gpxtpx:hr>177</gpxtpx:hr></gpxtpx:TrackPointExtension></extensions></trkpt>
<trkpt lat="51.511017" lon="-0.139377"><ele>12.9</ele><time>2026-10-04T18:18:23.000Z</time><extensions><gpxtpx:TrackPointExtension><gpxtpx:hr>178</gpxtpx:hr></gpxtpx:TrackPointExtension></extensions></trkpt>
<trkpt lat="51.510949" lon="-0.139418"><ele>13.0</ele><time>2026-10-04T18:18:25.000Z</time><extensions><gpxtpx:TrackPointExtension><gpxtpx:hr>178</gpxtpx:hr></gpxtpx:TrackPointExtension></extensions></trkpt>
<trkpt lat="51.510880" lon="-0.139456"><ele>13.1</ele><time>2026-10-04T18:18:28.000Z</time><extensions><gpxtpx:TrackPointExtension><gpxtpx:hr>178</gpxtpx:hr></gpxtpx:TrackPointExtension></extensions></trkpt>
<trkpt lat="51.510811" lon="-0.139492"><ele>13.2</ele><time>2026-10-04T18:18:30.000Z</time><extensions><gpxtpx:TrackPointExtension><gpxtpx:hr>179</gpxtpx:hr></gpxtpx:TrackPointExtension></extensions></trkpt>
<trkpt lat="51.510741" lon="-0.139525"><ele>13.4</ele><time>2026-10-04T18:18:33.000Z</time><extensions><gpxtpx:TrackPointExtension><gpxtpx:hr>179</gpxtpx:hr></gpxtpx:TrackPointExtension></extensions></trkpt>
<trkpt lat="51.510671" lon="-0.139555"><ele>13.5</ele><time>2026-10-04T18:18:36.000Z</time><extensions><gpxtpx:TrackPointExtension><gpxtpx:hr>179</gpxtpx:hr></gpxtpx:TrackPointExtension></extensions></trkpt>
<trkpt lat="51.510600" lon="-0.139582"><ele>13.7</ele><time>2026-10-04T18:18:38.000Z</time><extensions><gpxtpx:TrackPointExtension><gpxtpx:hr>180</gpxtpx:hr></gpxtpx:TrackPointExtension></extensions></trkpt>
<trkpt lat="51.510529" lon="-0.139607"><ele>13.9</ele><time>2026-10-04T18:18:41.000Z</time><extensions><gpxtpx:TrackPointExtension><gpxtpx:hr>180</gpxtpx:hr></gpxtpx:TrackPointExtension></extensions></trkpt>
<trkpt lat="51.510457" lon="-0.139629"><ele>14.2</ele><time>2026-10-04T18:18:44.000Z</time><extensions><gpxtpx:TrackPointExtension><gpxtpx:hr>180</gpxtpx:hr></gpxtpx:TrackPointExtension></extensions></trkpt>
<trkpt lat="51.510385" lon="-0.139649"><ele>14.4</ele><time>2026-10-04T18:18:46.000Z</time><extensions><gpxtpx:TrackPointExtension><gpxtpx:hr>181</gpxtpx:hr></gpxtpx:TrackPointExtension></extensions></trkpt>
<trkpt lat="51.510313" lon="-0.139666"><ele>14.7</ele><time>2026-10-04T18:18:49.000Z</time><extensions><gpxtpx:TrackPointExtension><gpxtpx:hr>181</gpxtpx:hr></gpxtpx:TrackPointExtension></extensions></trkpt>
<trkpt lat="51.510240" lon="-0.139680"><ele>15.0</ele><time>2026-10-04T18:18:52.000Z</time><extensions><gpxtpx:TrackPointExtension><gpxtpx:hr>181</gpxtpx:hr></gpxtpx:TrackPointExtension></extensions></trkpt>
<trkpt lat="51.510167" lon="-0.139692"><ele>15.3</ele><time>2026-10-04T18:18:54.000Z</time><extensions><gpxtpx:TrackPointExtension><gpxtpx:hr>182</gpxtpx:hr></gpxtpx:TrackPointExtension></extensions></trkpt>
<trkpt lat="51.510094" lon="-0.139700"><ele>15.7</ele><time>2026-10-04T18:18:57.000Z</time><extensions><gpxtpx:TrackPointExtension><gpxtpx:hr>182</gpxtpx:hr></gpxtpx:TrackPointExtension></extensions></trkpt>
<trkpt lat="51.510020" lon="-0.139707"><ele>16.1</ele><time>2026-10-04T18:19:00.000Z</time><extensions><gpxtpx:TrackPointExtension><gpxtpx:hr>182</gpxtpx:hr></gpxtpx:TrackPointExtension></extensions></trkpt>
<trkpt lat="51.509947" lon="-0.139710"><ele>16.4</ele><time>2026-10-04T18:19:02.000Z</time><extensions><gpxtpx:TrackPointExtension><gpxtpx:hr>182</gpxtpx:hr></gpxtpx:TrackPointExtension></extensions></trkpt>
<trkpt lat="51.509873" lon="-0.139711"><ele>16.8</ele><time>2026-10-04T18:19:05.000Z</time><extensions><gpxtpx:TrackPointExtension><gpxtpx:hr>183</gpxtpx:hr></gpxtpx:TrackPointExtension></extensions></trkpt>
<trkpt lat="51.509799" lon="-0.139710"><ele>17.3</ele><time>2026-10-04T18:19:08.000Z</time><extensions><gpxtpx:TrackPointExtension><gpxtpx:hr>183</gpxtpx:hr></gpxtpx:TrackPointExtension></extensions></trkpt>
<trkpt lat="51.509725" lon="-0.139705"><ele>17.7</ele><time>2026-10-04T18:19:10.000Z</time><extensions><gpxtpx:TrackPointExtension><gpxtpx:hr>183</gpxtpx:hr></gpxtpx:TrackPointExtension></extensions></trkpt>
<trkpt lat="51.509651" lon="-0.139699"><ele>18.2</ele><time>2026-10-04T18:19:13.000Z</time><extensions><gpxtpx:TrackPointExtension><gpxtpx:hr>183</gpxtpx:hr></gpxtpx:TrackPointExtension></extensions></trkpt>
<trkpt lat="51.509578" lon="-0.139689"><ele>18.6</ele><time>2026-10-04T18:19:15.000Z</time><extensions><gpxtpx:TrackPointExtension><gpxtpx:hr>184</gpxtpx:hr></gpxtpx:TrackPointExtension></extensions></trkpt>
<trkpt lat="51.509504" lon="-0.139678"><ele>19.1</ele><time>2026-10-04T18:19:18.000Z</time><extensions><gpxtpx:TrackPointExtension><gpxtpx:hr>184</gpxtpx:hr></gpxtpx:TrackPointExtension></extensions></trkpt>
<trkpt lat="51.509430" lon="-0.139663"><ele>19.6</ele><time>2026-10-04T18:19:21.000Z</time><extensions><gpxtpx:TrackPointExtension><gpxtpx:hr>184</gpxtpx:hr></gpxtpx:TrackPointExtension></extensions></trkpt>
<trkpt lat="51.509356" lon="-0.139647"><ele>20.1</ele><time>2026-10-04T18:19:23.000Z</time><extensions><gpxtpx:TrackPointExtension><gpxtpx:hr>184</gpxtpx:hr></gpxtpx:TrackPointExtension></extensions></trkpt>
<trkpt lat="51.509283" lon="-0.139628"><ele>20.6</ele><time>2026-10-04T18:19:26.000Z</time><extensions><gpxtpx:TrackPointExtension><gpxtpx:hr>184</gpxtpx:hr></gpxtpx:TrackPointExtension></extensions></trkpt>
<trkpt lat="51.509210" lon="-0.139606"><ele>21.2</ele><time>2026-10-04T18:19:29.000Z</time><extensions><gpxtpx:TrackPointExtension><gpxtpx:hr>185</gpxtpx:hr></gpxtpx:TrackPointExtension></extensions></trkpt>
<trkpt lat="51.509136" lon="-0.139582"><ele>21.7</ele><time>2026-10-04T18:19:31.000Z</time><extensions><gpxtpx:TrackPointExtension><gpxtpx:hr>185</gpxtpx:hr></gpxtpx:TrackPointExtension></extensions></trkpt>
<trkpt lat="51.509064" lon="-0.139556"><ele>22.3</ele><time>2026-10-04T18:19:34.000Z</time><extensions><gpxtpx:TrackPointExtension><gpxtpx:hr>185</gpxtpx:hr></gpxtpx:TrackPointExtension></extensions></trkpt>
<trkpt lat="51.508991" lon="-0.139528"><ele>22.8</ele><time>2026-10-04T18:19:37.000Z</time><extensions><gpxtpx:TrackPointExtension><gpxtpx:hr>185</gpxtpx:hr></gpxtpx:TrackPointExtension></extensions></trkpt>
<trkpt lat="51.508919" lon="-0.139497"><ele>23.4</ele><time>2026-10-04T18:19:39.000Z</time><extensions><gpxtpx:TrackPointExtension><gpxtpx:hr>185</gpxtpx:hr></gpxtpx:TrackPointExtension></extensions></trkpt>
<trkpt lat="51.508847" lon="-0.139465"><ele>24.0</ele><time>2026-10-04T18:19:42.000Z</time><extensions><gpxtpx:TrackPointExtension><gpxtpx:hr>185</gpxtpx:hr></gpxtpx:TrackPointExtension></extensions></trkpt>
<trkpt lat="51.508775" lon="-0.139430"><ele>24.5</ele><time>2026-10-04T18:19:45.000Z</time><extensions><gpxtpx:TrackPointExtension><gpxtpx:hr>186</gpxtpx:hr></gpxtpx:TrackPointExtension></extensions></trkpt>
<trkpt lat="51.508704" lon="-0.139393"><ele>25.1</ele><time>2026-10-04T18:19:47.000Z</time><extensions><gpxtpx:TrackPointExtension><gpxtpx:hr>186</gpxtpx:hr></gpxtpx:TrackPointExtension></extensions></trkpt>
<trkpt lat="51.508634" lon="-0.139354"><ele>25.7</ele><time>2026-10-04T18:19:50.000Z</time><extensions><gpxtpx:TrackPointExtension><gpxtpx:hr>186</gpxtpx:hr></gpxtpx:TrackPointExtension></extensions></trkpt>
<trkpt lat="51.508563" lon="-0.139313"><ele>26.3</ele><time>2026-10-04T18:19:53.000Z</time><extensions><gpxtpx:TrackPointExtension><gpxtpx:hr>186</gpxtpx:hr></gpxtpx:TrackPointExtension></extensions></trkpt>
<trkpt lat="51.508494" lon="-0.139270"><ele>26.9</ele><time>2026-10-04T18:19:55.000Z</time><extensions><gpxtpx:TrackPointExtension><gpxtpx:hr>186</gpxtpx:hr></gpxtpx:TrackPointExtension></extensions></trkpt>
<trkpt lat="51.508424" lon="-0.139225"><ele>27.4</ele><time>2026-10-04T18:19:58.000Z</time><extensions><gpxtpx:TrackPointExtension><gpxtpx:hr>186</gpxtpx:hr></gpxtpx:TrackPointExtension></extensions></trkpt>
<trkpt lat="51.508356" lon="-0.139179"><ele>28.0</ele><time>2026-10-04T18:20:01.000Z</time><extensions><gpxtpx:TrackPointExtension><gpxtpx:hr>186</gpxtpx:hr></gpxtpx:TrackPointExtension></extensions></trkpt>
<trkpt lat="51.508287" lon="-0.139130"><ele>28.6</ele><time>2026-10-04T18:20:03.000Z</time><extensions><gpxtpx:TrackPointExtension><gpxtpx:hr>186</gpxtpx:hr></gpxtpx:TrackPointExtension></extensions></trkpt>
<trkpt lat="51.508220" lon="-0.139080"><ele>29.1</ele><time>2026-10-04T18:20:06.000Z</time><extensions><gpxtpx:TrackPointExtension><gpxtpx:hr>186</gpxtpx:hr></gpxtpx:TrackPointExtension></extensions></trkpt>
<trkpt lat="51.508153" lon="-0.139028"><ele>29.7</ele><time>2026-10-04T18:20:09.000Z</time><extensions><gpxtpx:TrackPointExtension><gpxtpx:hr>186</gpxtpx:hr></gpxtpx:TrackPointExtension></extensions></trkpt>
<trkpt lat="51.508086" lon="-0.138975"><ele>30.2</ele><time>2026-10-04T18:20:11.000Z</time><extensions><gpxtpx:TrackPointExtension><gpxtpx:hr>187</gpxtpx:hr></gpxtpx:TrackPointExtension></extensions></trkpt>
<trkpt lat="51.508021" lon="-0.138920"><ele>30.8</ele><time>2026-10-04T18:20:14.000Z</time><extensions><gpxtpx:TrackPointExtension><gpxtpx:hr>187</gpxtpx:hr></gpxtpx:TrackPointExtension></extensions></trkpt>
<trkpt lat="51.507955" lon="-0.138864"><ele>31.3</ele><time>2026-10-04T18:20:17.000Z</time><extensions><gpxtpx:TrackPointExtension><gpxtpx:hr>187</gpxtpx:hr></gpxtpx:TrackPointExtension></extensions></trkpt>
<trkpt lat="51.507891" lon="-0.138806"><ele>31.8</ele><time>2026-10-04T18:20:19.000Z</time><extensions><gpxtpx:TrackPointExtension><gpxtpx:hr>187</gpxtpx:hr></gpxtpx:TrackPointExtension></extensions></trkpt>
<trkpt lat="51.507827" lon="-0.138747"><ele>32.3</ele><time>2026-10-04T18:20:22.000Z</time><extensions><gpxtpx:TrackPointExtension><gpxtpx:hr>187</gpxtpx:hr></gpxtpx:TrackPointExtension></extensions></trkpt>
<trkpt lat="51.507764" lon="-0.138686"><ele>32.8</ele><time>2026-10-04T18:20:25.000Z</time><extensions><gpxtpx:TrackPointExtension><gpxtpx:hr>187</gpxtpx:hr></gpxtpx:TrackPointExtension></extensions></trkpt>
<trkpt lat="51.507701" lon="-0.138625"><ele>33.3</ele><time>2026-10-04T18:20:27.000Z</time><extensions><gpxtpx:TrackPointExtension><gpxtpx:hr>187</gpxtpx:hr></gpxtpx:TrackPointExtension></extensions></trkpt>
<trkpt lat="51.507640" lon="-0.138562"><ele>33.8</ele><time>2026-10-04T18:20:30.000Z</time><extensions><gpxtpx:TrackPointExtension><gpxtpx:hr>187</gpxtpx:hr></gpxtpx:TrackPointExtension></extensions></trkpt>
<trkpt lat="51.507579" lon="-0.138498"><ele>34.2</ele><time>2026-10-04T18:20:32.000Z</time><extensions><gpxtpx:TrackPointExtension><gpxtpx:hr>187</gpxtpx:hr></gpxtpx:TrackPointExtension></extensions></trkpt>
<trkpt lat="51.507518" lon="-0.138433"><ele>34.7</ele><time>2026-10-04T18:20:35.000Z</time><extensions><gpxtpx:TrackPointExtension><gpxtpx:hr>187</gpxtpx:hr></gpxtpx:TrackPointExtension></extensions></trkpt>
<trkpt lat="51.507459" lon="-0.138367"><ele>35.1</ele><time>2026-10-04T18:20:38.000Z</time><extensions><gpxtpx:TrackPointExtension><gpxtpx:hr>187</gpxtpx:hr></gpxtpx:TrackPointExtension></extensions></trkpt>
<trkpt lat="51.507400" lon="-0.138300"><ele>35.5</ele><time>2026-10-04T18:20:40.000Z</time><extensions><gpxtpx:TrackPointExtension><gpxtpx:hr>187</gpxtpx:hr></gpxtpx:TrackPointExtension></extensions></trkpt>
<trkpt lat="51.507342" lon="-0.138232"><ele>35.9</ele><time>2026-10-04T18:20:43.000Z</time><extensions><gpxtpx:TrackPointExtension><gpxtpx:hr>187</gpxtpx:hr></gpxtpx:TrackPointExtension></extensions></trkpt>
<trkpt lat="51.507285" lon="-0.138164"><ele>36.2</ele><time>2026-10-04T18:20:45.000Z</time><extensions><gpxtpx:TrackPointExtension><gpxtpx:hr>187</gpxtpx:hr></gpxtpx:TrackPointExtension></extensions></trkpt>
<trkpt lat="51.507228" lon="-0.138095"><ele>36.6</ele><time>2026-10-04T18:20:48.000Z</time><extensions><gpxtpx:TrackPointExtension><gpxtpx:hr>187</gpxtpx:hr></gpxtpx:TrackPointExtension></extensions></trkpt>
<trkpt lat="51.507172" lon="-0.138025"><ele>36.9</ele><time>2026-10-04T18:20:50.000Z</time><extensions><gpxtpx:TrackPointExtension><gpxtpx:hr>187</gpxtpx:hr></gpxtpx:TrackPointExtension></extensions></trkpt>
<trkpt lat="51.507117" lon="-0.137954"><ele>37.2</ele><time>2026-10-04T18:20:53.000Z</time><extensions><gpxtpx:TrackPointExtension><gpxtpx:hr>187</gpxtpx:hr></gpxtpx:TrackPointExtension></extensions></trkpt>
<trkpt lat="51.507063" lon="-0.137883"><ele>37.5</ele><time>2026-10-04T18:20:55.000Z</time><extensions><gpxtpx:TrackPointExtension><gpxtpx:hr>186</gpxtpx:hr></gpxtpx:TrackPointExtension></extensions></trkpt>
<trkpt lat="51.507009" lon="-0.137812"><ele>37.8</ele><time>2026-10-04T18:20:58.000Z</time><extensions><gpxtpx:TrackPointExtension><gpxtpx:hr>186</gpxtpx:hr></gpxtpx:TrackPointExtension></extensions></trkpt>
<trkpt lat="51.506957" lon="-0.137740"><ele>38.0</ele><time>2026-10-04T18:21:00.000Z</time><extensions><gpxtpx:TrackPointExtension><gpxtpx:hr>186</gpxtpx:hr></gpxtpx:TrackPointExtension></extensions></trkpt>
<trkpt lat="51.506905" lon="-0.137668"><ele>38.2</ele><time>2026-10-04T18:21:03.000Z</time><extensions><gpxtpx:TrackPointExtension><gpxtpx:hr>186</gpxtpx:hr></gpxtpx:TrackPointExtension></extensions></trkpt>
<trkpt lat="51.506853" lon="-0.137595"><ele>38.4</ele><time>2026-10-04T18:21:05.000Z</time><extensions><gpxtpx:TrackPointExtension><gpxtpx:hr>186</gpxtpx:hr></gpxtpx:TrackPointExtension></extensions></trkpt>
<trkpt lat="51.506803" lon="-0.137523"><ele>38.6</ele><time>2026-10-04T18:21:08.000Z</time><extensions><gpxtpx:TrackPointExtension><gpxtpx:hr>186</gpxtpx:hr></gpxtpx:TrackPointExtension></extensions></trkpt>
<trkpt lat="51.506753" lon="-0.137450"><ele>38.8</ele><time>2026-10-04T18:21:10.000Z</time><extensions><gpxtpx:TrackPointExtension><gpxtpx:hr>186</gpxtpx:hr></gpxtpx:TrackPointExtension></extensions></trkpt>
<trkpt lat="51.506704" lon="-0.137377"><ele>38.9</ele><time>2026-10-04T18:21:13.000Z</time><extensions><gpxtpx:TrackPointExtension><gpxtpx:hr>186</gpxtpx:hr></gpxtpx:TrackPointExtension></extensions></trkpt>
<trkpt lat="51.506656" lon="-0.137304"><ele>39.1</ele><time>2026-10-04T18:21:15.000Z</time><extensions><gpxtpx:TrackPointExtension><gpxtpx:hr>186</gpxtpx:hr></gpxtpx:TrackPointExtension></extensions></trkpt>
<trkpt lat="51.506608" lon="-0.137231"><ele>39.2</ele><time>2026-10-04T18:21:17.000Z</time><extensions><gpxtpx:TrackPointExtension><gpxtpx:hr>186</gpxtpx:hr></gpxtpx:TrackPointExtension></extensions></trkpt>
<trkpt lat="51.506561" lon="-0.137159"><ele>39.2</ele><time>2026-10-04T18:21:20.000Z</time><extensions><gpxtpx:TrackPointExtension><gpxtpx:hr>186</gpxtpx:hr></gpxtpx:TrackPointExtension></extensions></trkpt>
<trkpt lat="51.506515" lon="-0.137086"><ele>39.3</ele><time>2026-10-04T18:21:22.000Z</time><extensions><gpxtpx:TrackPointExtension><gpxtpx:hr>186</gpxtpx:hr></gpxtpx:TrackPointExtension></extensions></trkpt>
<trkpt lat="51.506469" lon="-0.137014"><ele>39.4</ele><time>2026-10-04T18:21:24.000Z</time><extensions><gpxtpx:TrackPointExtension><gpxtpx:hr>185</gpxtpx:hr></gpxtpx:TrackPointExtension></extensions></trkpt>
<trkpt lat="51.506424" lon="-0.136941"><ele>39.4</ele><time>2026-10-04T18:21:27.000Z</time><extensions><gpxtpx:TrackPointExtension><gpxtpx:hr>185</gpxtpx:hr></gpxtpx:TrackPointExtension></extensions></trkpt>
<trkpt lat="51.506380" lon="-0.136870"><ele>39.4</ele><time>2026-10-04T18:21:29.000Z</time><extensions><gpxtpx:TrackPointExtension><gpxtpx:hr>185</gpxtpx:hr></gpxtpx:TrackPointExtension></extensions></trkpt>
<trkpt lat="51.506336" lon="-0.136798"><ele>39.4</ele><time>2026-10-04T18:21:31.000Z</time><extensions><gpxtpx:TrackPointExtension><gpxtpx:hr>185</gpxtpx:hr></gpxtpx:TrackPointExtension></extensions></trkpt>
<trkpt lat="51.506293" lon="-0.136727"><ele>39.4</ele><time>2026-10-04T18:21:34.000Z</time><extensions><gpxtpx:TrackPointExtension><gpxtpx:hr>185</gpxtpx:hr></gpxtpx:TrackPointExtension></extensions></trkpt>
<trkpt lat="51.506250" lon="-0.136657"><ele>39.4</ele><time>2026-10-04T18:21:36.000Z</time><extensions><gpxtpx:TrackPointExtension><gpxtpx:hr>185</gpxtpx:hr></gpxtpx:TrackPointExtension></extensions></trkpt>
<trkpt lat="51.506208" lon="-0.136587"><ele>39.3</ele><time>2026-10-04T18:21:38.000Z</time><extensions><gpxtpx:TrackPointExtension><gpxtpx:hr>185</gpxtpx:hr></gpxtpx:TrackPointExtension></extensions></trkpt>
<trkpt lat="51.506166" lon="-0.136517"><ele>39.3</ele><time>2026-10-04T18:21:40.000Z</time><extensions><gpxtpx:TrackPointExtension><gpxtpx:hr>185</gpxtpx:hr></gpxtpx:TrackPointExtension></extensions></trkpt>
<trkpt lat="51.506125" lon="-0.136448"><ele>39.2</ele><time>2026-10-04T18:21:42.000Z</time><extensions><gpxtpx:TrackPointExtension><gpxtpx:hr>184</gpxtpx:hr></gpxtpx:TrackPointExtension></extensions></trkpt>
<trkpt lat="51.506085" lon="-0.136380"><ele>39.1</ele><time>2026-10-04T18:21:44.000Z</time><extensions><gpxtpx:TrackPointExtension><gpxtpx:hr>184</gpxtpx:hr></gpxtpx:TrackPointExtension></extensions></trkpt>
<trkpt lat="51.506045" lon="-0.136313"><ele>39.0</ele><time>2026-10-04T18:21:47.000Z</time><extensions><gpxtpx:TrackPointExtension><gpxtpx:hr>184</gpxtpx:hr></gpxtpx:TrackPointExtension></extensions></trkpt>
<trkpt lat="51.506005" lon="-0.136246"><ele>38.9</ele><time>2026-10-04T18:21:49.000Z</time><extensions><gpxtpx:TrackPointExtension><gpxtpx:hr>184</gpxtpx:hr></gpxtpx:TrackPointExtension></extensions></trkpt>
<trkpt lat="51.505966" lon="-0.136180"><ele>38.8</ele><time>2026-10-04T18:21:51.000Z</time><extensions><gpxtpx:TrackPointExtension><gpxtpx:hr>184</gpxtpx:hr></gpxtpx:TrackPointExtension></extensions></trkpt>
<trkpt lat="51.505927" lon="-0.136115"><ele>38.7</ele><time>2026-10-04T18:21:53.000Z</time><extensions><gpxtpx:TrackPointExtension><gpxtpx:hr>184</gpxtpx:hr></gpxtpx:TrackPointExtension></extensions></trkpt>
<trkpt lat="51.505889" lon="-0.136050"><ele>38.6</ele><time>2026-10-04T18:21:55.000Z</time><extensions><gpxtpx:TrackPointExtension><gpxtpx:hr>184</gpxtpx:hr></gpxtpx:TrackPointExtension></extensions></trkpt>
<trkpt lat="51.505851" lon="-0.135987"><ele>38.4</ele><time>2026-10-04T18:21:57.000Z</time><extensions><gpxtpx:TrackPointExtension><gpxtpx:hr>183</gpxtpx:hr></gpxtpx:TrackPointExtension></extensions></trkpt>
<trkpt lat="51.505813" lon="-0.135924"><ele>38.3</ele><time>2026-10-04T18:21:59.000Z</time><extensions><gpxtpx:TrackPointExtension><gpxtpx:hr>183</gpxtpx:hr></gpxtpx:TrackPointExtension></extensions></trkpt>
<trkpt lat="51.505776" lon="-0.135863"><ele>38.2</ele><time>2026-10-04T18:22:01.000Z</time><extensions><gpxtpx:TrackPointExtension><gpxtpx:hr>183</gpxtpx:hr></gpxtpx:TrackPointExtension></extensions></trkpt>
<trkpt lat="51.505739" lon="-0.135802"><ele>38.0</ele><time>2026-10-04T18:22:03.000Z</time><extensions><gpxtpx:TrackPointExtension><gpxtpx:hr>183</gpxtpx:hr></gpxtpx:TrackPointExtension></extensions></trkpt>
<trkpt lat="51.505702" lon="-0.135742"><ele>37.9</ele><time>2026-10-04T18:22:05.000Z</time><extensions><gpxtpx:TrackPointExtension><gpxtpx:hr>183</gpxtpx:hr></gpxtpx:TrackPointExtension></extensions></trkpt>
<trkpt lat="51.505665" lon="-0.135684"><ele>37.8</ele><time>2026-10-04T18:22:07.000Z</time><extensions><gpxtpx:TrackPointExtension><gpxtpx:hr>183</gpxtpx:hr></gpxtpx:TrackPointExtension></extensions></trkpt>
<trkpt lat="51.505629" lon="-0.135626"><ele>37.6</ele><time>2026-10-04T18:22:09.000Z</time><extensions><gpxtpx:TrackPointExtension><gpxtpx:hr>182</gpxtpx:hr></gpxtpx:TrackPointExtension></extensions></trkpt>
<trkpt lat="51.505592" lon="-0.135569"><ele>37.5</ele><time>2026-10-04T18:22:10.000Z</time><extensions><gpxtpx:TrackPointExtension><gpxtpx:hr>182</gpxtpx:hr></gpxtpx:TrackPointExtension></extensions></trkpt>
<trkpt lat="51.505556" lon="-0.135514"><ele>37.3</ele><time>2026-10-04T18:22:12.000Z</time><extensions><gpxtpx:TrackPointExtension><gpxtpx:hr>182</gpxtpx:hr></gpxtpx:TrackPointExtension></extensions></trkpt>
<trkpt lat="51.505520" lon="-0.135459"><ele>37.2</ele><time>2026-10-04T18:22:14.000Z</time><extensions><gpxtpx:TrackPointExtension><gpxtpx:hr>182</gpxtpx:hr></gpxtpx:TrackPointExtension></extensions></trkpt>
<trkpt lat="51.505484" lon="-0.135406"><ele>37.1</ele><time>2026-10-04T18:22:16.000Z</time><extensions><gpxtpx:TrackPointExtension><gpxtpx:hr>182</gpxtpx:hr></gpxtpx:TrackPointExtension></extensions></trkpt>
<trkpt lat="51.505448" lon="-0.135354"><ele>36.9</ele><time>2026-10-04T18:22:18.000Z</time><extensions><gpxtpx:TrackPointExtension><gpxtpx:hr>182</gpxtpx:hr></gpxtpx:TrackPointExtension></extensions></trkpt>
<trkpt lat="51.505412" lon="-0.135303"><ele>36.8</ele><time>2026-10-04T18:22:20.000Z</time><extensions><gpxtpx:TrackPointExtension><gpxtpx:hr>182</gpxtpx:hr></gpxtpx:TrackPointExtension></extensions></trkpt>
<trkpt lat="51.505376" lon="-0.135253"><ele>36.7</ele><time>2026-10-04T18:22:21.000Z</time><extensions><gpxtpx:TrackPointExtension><gpxtpx:hr>181</gpxtpx:hr></gpxtpx:TrackPointExtension></extensions></trkpt>
<trkpt lat="51.505340" lon="-0.135204"><ele>36.6</ele><time>2026-10-04T18:22:23.000Z</time><extensions><gpxtpx:TrackPointExtension><gpxtpx:hr>181</gpxtpx:hr></gpxtpx:TrackPointExtension></extensions></trkpt>
<trkpt lat="51.505304" lon="-0.135156"><ele>36.5</ele><time>2026-10-04T18:22:25.000Z</time><extensions><gpxtpx:TrackPointExtension><gpxtpx:hr>181</gpxtpx:hr></gpxtpx:TrackPointExtension></extensions></trkpt>
<trkpt lat="51.505267" lon="-0.135110"><ele>36.4</ele><time>2026-10-04T18:22:27.000Z</time><extensions><gpxtpx:TrackPointExtension><gpxtpx:hr>181</gpxtpx:hr></gpxtpx:TrackPointExtension></extensions></trkpt>
<trkpt lat="51.505231" lon="-0.135064"><ele>36.4</ele><time>2026-10-04T18:22:28.000Z</time><extensions><gpxtpx:TrackPointExtension><gpxtpx:hr>181</gpxtpx:hr></gpxtpx:TrackPointExtension></extensions></trkpt>
<trkpt lat="51.505195" lon="-0.135020"><ele>36.3</ele><time>2026-10-04T18:22:30.000Z</time><extensions><gpxtpx:TrackPointExtension><gpxtpx:hr>181</gpxtpx:hr></gpxtpx:TrackPointExtension></extensions></trkpt>
<trkpt lat="51.505158" lon="-0.134977"><ele>36.3</ele><time>2026-10-04T18:22:32.000Z</time><extensions><gpxtpx:TrackPointExtension><gpxtpx:hr>181</gpxtpx:hr></gpxtpx:TrackPointExtension></extensions></trkpt>
<trkpt lat="51.505121" lon="-0.134935"><ele>36.2</ele><time>2026-10-04T18:22:33.000Z</time><extensions><gpxtpx:TrackPointExtension><gpxtpx:hr>181</gpxtpx:hr></gpxtpx:TrackPointExtension></extensions></trkpt>
<trkpt lat="51.505084" lon="-0.134894"><ele>36.2</ele><time>2026-10-04T18:22:35.000Z</time><extensions><gpxtpx:TrackPointExtension><gpxtpx:hr>180</gpxtpx:hr></gpxtpx:TrackPointExtension></extensions></trkpt>
<trkpt lat="51.505047" lon="-0.134854"><ele>36.2</ele><time>2026-10-04T18:22:37.000Z</time><extensions><gpxtpx:TrackPointExtension><gpxtpx:hr>180</gpxtpx:hr></gpxtpx:TrackPointExtension></extensions></trkpt>
<trkpt lat="51.505009" lon="-0.134815"><ele>36.2</ele><time>2026-10-04T18:22:39.000Z</time><extensions><gpxtpx:TrackPointExtension><gpxtpx:hr>180</gpxtpx:hr></gpxtpx:TrackPointExtension></extensions></trkpt>
<trkpt lat="51.504971" lon="-0.134777"><ele>36.2</ele><time>2026-10-04T18:22:40.000Z</time><extensions><gpxtpx:TrackPointExtension><gpxtpx:hr>180</gpxtpx:hr></gpxtpx:TrackPointExtension></extensions></trkpt>
<trkpt lat="51.504933" lon="-0.134740"><ele>36.3</ele><time>2026-10-04T18:22:42.000Z</time><extensions><gpxtpx:TrackPointExtension><gpxtpx:hr>180</gpxtpx:hr></gpxtpx:TrackPointExtension></extensions></trkpt>
<trkpt lat="51.504894" lon="-0.134704"><ele>36.3</ele><time>2026-10-04T18:22:44.000Z</time><extensions><gpxtpx:TrackPointExtension><gpxtpx:hr>180</gpxtpx:hr></gpxtpx:TrackPointExtension></extensions></trkpt>
<trkpt lat="51.504855" lon="-0.134670"><ele>36.4</ele><time>2026-10-04T18:22:45.000Z</time><extensions><gpxtpx:TrackPointExtension><gpxtpx:hr>180</gpxtpx:hr></gpxtpx:TrackPointExtension></extensions></trkpt>
<trkpt lat="51.504816" lon="-0.134636"><ele>36.5</ele><time>2026-10-04T18:22:47.000Z</time><extensions><gpxtpx:TrackPointExtension><gpxtpx:hr>180</gpxtpx:hr></gpxtpx:TrackPointExtension></extensions></trkpt>
<trkpt lat="51.504776" lon="-0.134603"><ele>36.6</ele><time>2026-10-04T18:22:49.000Z</time><extensions><gpxtpx:TrackPointExtension><gpxtpx:hr>180</gpxtpx:hr></gpxtpx:TrackPointExtension></extensions></trkpt>
<trkpt lat="51.504736" lon="-0.134571"><ele>36.7</ele><time>2026-10-04T18:22:50.000Z</time><extensions><gpxtpx:TrackPointExtension><gpxtpx:hr>179</gpxtpx:hr></gpxtpx:TrackPointExtension></extensions></trkpt>
<trkpt lat="51.504695" lon="-0.134540"><ele>36.8</ele><time>2026-10-04T18:22:52.000Z</time><extensions><gpxtpx:TrackPointExtension><gpxtpx:hr>179</gpxtpx:hr></gpxtpx:TrackPointExtension></extensions></trkpt>
<trkpt lat="51.504654" lon="-0.134510"><ele>36.9</ele><time>2026-10-04T18:22:54.000Z</time><extensions><gpxtpx:TrackPointExtension><gpxtpx:hr>179</gpxtpx:hr></gpxtpx:TrackPointExtension></extensions></trkpt>
<trkpt lat="51.504612" lon="-0.134481"><ele>37.1</ele><time>2026-10-04T18:22:56.000Z</time><extensions><gpxtpx:TrackPointExtension><gpxtpx:hr>179</gpxtpx:hr></gpxtpx:TrackPointExtension></extensions></trkpt>
<trkpt lat="51.504570" lon="-0.134452"><ele>37.3</ele><time>2026-10-04T18:22:57.000Z</time><extensions><gpxtpx:TrackPointExtension><gpxtpx:hr>179</gpxtpx:hr></gpxtpx:TrackPointExtension></extensions></trkpt>
<trkpt lat="51.504527" lon="-0.134425"><ele>37.5</ele><time>2026-10-04T18:22:59.000Z</time><extensions><gpxtpx:TrackPointExtension><gpxtpx:hr>179</gpxtpx:hr></gpxtpx:TrackPointExtension></extensions></trkpt>
<trkpt lat="51.504484" lon="-0.134397"><ele>37.7</ele><time>2026-10-04T18:23:01.000Z</time><extensions><gpxtpx:TrackPointExtension><gpxtpx:hr>179</gpxtpx:hr></gpxtpx:TrackPointExtension></extensions></trkpt>
<trkpt lat="51.504440" lon="-0.134371"><ele>37.9</ele><time>2026-10-04T18:23:03.000Z</time><extensions><gpxtpx:TrackPointExtension><gpxtpx:hr>179</gpxtpx:hr></gpxtpx:TrackPointExtension></extensions></trkpt>
<trkpt lat="51.504396" lon="-0.134345"><ele>38.1</ele><time>2026-10-04T18:23:04.000Z</time><extensions><gpxtpx:TrackPointExtension><gpxtpx:hr>179</gpxtpx:hr></gpxtpx:TrackPointExtension></extensions></trkpt>
<trkpt lat="51.504351" lon="-0.134320"><ele>38.4</ele><time>2026-10-04T18:23:06.000Z</time><extensions><gpxtpx:TrackPointExtension><gpxtpx:hr>179</gpxtpx:hr></gpxtpx:TrackPointExtension></extensions></trkpt>
<trkpt lat="51.504305" lon="-0.134296"><ele>38.6</ele><time>2026-10-04T18:23:08.000Z</time><extensions><gpxtpx:TrackPointExtension><gpxtpx:hr>179</gpxtpx:hr></gpxtpx:TrackPointExtension></extensions></trkpt>
<trkpt lat="51.504259" lon="-0.134272"><ele>38.9</ele><time>2026-10-04T18:23:10.000Z</time><extensions><gpxtpx:TrackPointExtension><gpxtpx:hr>179</gpxtpx:hr></gpxtpx:TrackPointExtension></extensions></trkpt>
<trkpt lat="51.504212" lon="-0.134248"><ele>39.2</ele><time>2026-10-04T18:23:12.000Z</time><extensions><gpxtpx:TrackPointExtension><gpxtpx:hr>179</gpxtpx:hr></gpxtpx:TrackPointExtension></extensions></trkpt>
<trkpt lat="51.504164" lon="-0.134225"><ele>39.4</ele><time>2026-10-04T18:23:14.000Z</time><extensions><gpxtpx:TrackPointExtension><gpxtpx:hr>179</gpxtpx:hr></gpxtpx:TrackPointExtension></extensions></trkpt>
<trkpt lat="51.504116" lon="-0.134202"><ele>39.7</ele><time>2026-10-04T18:23:16.000Z</time><extensions><gpxtpx:TrackPointExtension><gpxtpx:hr>179</gpxtpx:hr></gpxtpx:TrackPointExtension></extensions></trkpt>
<trkpt lat="51.504067" lon="-0.134180"><ele>40.0</ele><time>2026-10-04T18:23:18.000Z</time><extensions><gpxtpx:TrackPointExtension><gpxtpx:hr>179</gpxtpx:hr></gpxtpx:TrackPointExtension></extensions></trkpt>
<trkpt lat="51.504018" lon="-0.134158"><ele>40.4</ele><time>2026-10-04T18:23:20.000Z</time><extensions><gpxtpx:TrackPointExtension><gpxtpx:hr>179</gpxtpx:hr></gpxtpx:TrackPointExtension></extensions></trkpt>
<trkpt lat="51.503968" lon="-0.134136"><ele>40.7</ele><time>2026-10-04T18:23:22.000Z</time><extensions><gpxtpx:TrackPointExtension><gpxtpx:hr>179</gpxtpx:hr></gpxtpx:TrackPointExtension></extensions></trkpt>
<trkpt lat="51.503917" lon="-0.134114"><ele>41.0</ele><time>2026-10-04T18:23:24.000Z</time><extensions><gpxtpx:TrackPointExtension><gpxtpx:hr>179</gpxtpx:hr></gpxtpx:TrackPointExtension></extensions></trkpt>
<trkpt lat="51.503866" lon="-0.134093"><ele>41.3</ele><time>2026-10-04T18:23:26.000Z</time><extensions><gpxtpx:TrackPointExtension><gpxtpx:hr>179</gpxtpx:hr></gpxtpx:TrackPointExtension></extensions></trkpt>
<trkpt lat="51.503814" lon="-0.134071"><ele>41.7</ele><time>2026-10-04T18:23:28.000Z</time><extensions><gpxtpx:TrackPointExtension><gpxtpx:hr>179</gpxtpx:hr></gpxtpx:TrackPointExtension></extensions></trkpt>
<trkpt lat="51.503761" lon="-0.134050"><ele>42.0</ele><time>2026-10-04T18:23:30.000Z</time><extensions><gpxtpx:TrackPointExtension><gpxtpx:hr>179</gpxtpx:hr></gpxtpx:TrackPointExtension></extensions></trkpt>
<trkpt lat="51.503708" lon="-0.134029"><ele>42.4</ele><time>2026-10-04T18:23:32.000Z</time><extensions><gpxtpx:TrackPointExtension><gpxtpx:hr>179</gpxtpx:hr></gpxtpx:TrackPointExtension></extensions></trkpt>
<trkpt lat="51.503654" lon="-0.134007"><ele>42.7</ele><time>2026-10-04T18:23:34.000Z</time><extensions><gpxtpx:TrackPointExtension><gpxtpx:hr>179</gpxtpx:hr></gpxtpx:TrackPointExtension></extensions></trkpt>
<trkpt lat="51.503599" lon="-0.133985"><ele>43.0</ele><time>2026-10-04T18:23:36.000Z</time><extensions><gpxtpx:TrackPointExtension><gpxtpx:hr>179</gpxtpx:hr></gpxtpx:TrackPointExtension></extensions></trkpt>
<trkpt lat="51.503544" lon="-0.133964"><ele>43.4</ele><time>2026-10-04T18:23:38.000Z</time><extensions><gpxtpx:TrackPointExtension><gpxtpx:hr>179</gpxtpx:hr></gpxtpx:TrackPointExtension></extensions></trkpt>
<trkpt lat="51.503488" lon="-0.133942"><ele>43.7</ele><time>2026-10-04T18:23:40.000Z</time><extensions><gpxtpx:TrackPointExtension><gpxtpx:hr>180</gpxtpx:hr></gpxtpx:TrackPointExtension></extensions></trkpt>
<trkpt lat="51.503432" lon="-0.133919"><ele>44.0</ele><time>2026-10-04T18:23:43.000Z</time><extensions><gpxtpx:TrackPointExtension><gpxtpx:hr>180</gpxtpx:hr></gpxtpx:TrackPointExtension></extensions></trkpt>
<trkpt lat="51.503375" lon="-0.133897"><ele>44.4</ele><time>2026-10-04T18:23:45.000Z</time><extensions><gpxtpx:TrackPointExtension><gpxtpx:hr>180</gpxtpx:hr></gpxtpx:TrackPointExtension></extensions></trkpt>
<trkpt lat="51.503317" lon="-0.133874"><ele>44.7</ele><time>2026-10-04T18:23:47.000Z</time><extensions><gpxtpx:TrackPointExtension><gpxtpx:hr>180</gpxtpx:hr></gpxtpx:TrackPointExtension></extensions></trkpt>
<trkpt lat="51.503259" lon="-0.133851"><ele>45.0</ele><time>2026-10-04T18:23:50.000Z</time><extensions><gpxtpx:TrackPointExtension><gpxtpx:hr>180</gpxtpx:hr></gpxtpx:TrackPointExtension></extensions></trkpt>
<trkpt lat="51.503200" lon="-0.133827"><ele>45.3</ele><time>2026-10-04T18:23:52.000Z</time><extensions><gpxtpx:TrackPointExtension><gpxtpx:hr>180</gpxtpx:hr></gpxtpx:TrackPointExtension></extensions></trkpt>
<trkpt lat="51.503141" lon="-0.133802"><ele>45.6</ele><time>2026-10-04T18:23:54.000Z</time><extensions><gpxtpx:TrackPointExtension><gpxtpx:hr>180</gpxtpx:hr></gpxtpx:TrackPointExtension></extensions></trkpt>
<trkpt lat="51.503081" lon="-0.133777"><ele>45.9</ele><time>2026-10-04T18:23:57.000Z</time><extensions><gpxtpx:TrackPointExtension><gpxtpx:hr>180</gpxtpx:hr></gpxtpx:TrackPointExtension></extensions></trkpt>
<trkpt lat="51.503020" lon="-0.133752"><ele>46.2</ele><time>2026-10-04T18:23:59.000Z</time><extensions><gpxtpx:TrackPointExtension><gpxtpx:hr>181</gpxtpx:hr></gpxtpx:TrackPointExtension></extensions></trkpt>
<trkpt lat="51.502959" lon="-0.133725"><ele>46.5</ele><time>2026-10-04T18:24:01.000Z</time><extensions><gpxtpx:TrackPointExtension><gpxtpx:hr>181</gpxtpx:hr></gpxtpx:TrackPointExtension></extensions></trkpt>
<trkpt lat="51.502898" lon="-0.133698"><ele>46.7</ele><time>2026-10-04T18:24:04.000Z</time><extensions><gpxtpx:TrackPointExtension><gpxtpx:hr>181</gpxtpx:hr></gpxtpx:TrackPointExtension></extensions></trkpt>
<trkpt lat="51.502836" lon="-0.133670"><ele>46.9</ele><time>2026-10-04T18:24:06.000Z</time><extensions><gpxtpx:TrackPointExtension><gpxtpx:hr>181</gpxtpx:hr></gpxtpx:TrackPointExtension></extensions></trkpt>
<trkpt lat="51.502774" lon="-0.133642"><ele>47.2</ele><time>2026-10-04T18:24:09.000Z</time><extensions><gpxtpx:TrackPointExtension><gpxtpx:hr>181</gpxtpx:hr></gpxtpx:TrackPointExtension></extensions></trkpt>
<trkpt lat="51.502711" lon="-0.133612"><ele>47.4</ele><time>2026-10-04T18:24:11.000Z</time><extensions><gpxtpx:TrackPointExtension><gpxtpx:hr>182</gpxtpx:hr></gpxtpx:TrackPointExtension></extensions></trkpt>
<trkpt lat="51.502648" lon="-0.133582"><ele>47.6</ele><time>2026-10-04T18:24:14.000Z</time><extensions><gpxtpx:TrackPointExtension><gpxtpx:hr>182</gpxtpx:hr></gpxtpx:TrackPointExtension></extensions></trkpt>
<trkpt lat="51.502585" lon="-0.133550"><ele>47.7</ele><time>2026-10-04T18:24:16.000Z</time><extensions><gpxtpx:TrackPointExtension><gpxtpx:hr>182</gpxtpx:hr></gpxtpx:TrackPointExtension></extensions></trkpt>
<trkpt lat="51.502521" lon="-0.133518"><ele>47.9</ele><time>2026-10-04T18:24:19.000Z</time><extensions><gpxtpx:TrackPointExtension><gpxtpx:hr>182</gpxtpx:hr></gpxtpx:TrackPointExtension></extensions></trkpt>
<trkpt lat="51.502457" lon="-0.133484"><ele>48.0</ele><time>2026-10-04T18:24:21.000Z</time><extensions><gpxtpx:TrackPointExtension><gpxtpx:hr>182</gpxtpx:hr></gpxtpx:TrackPointExtension></extensions></trkpt>
<trkpt lat="51.502392" lon="-0.133449"><ele>48.1</ele><time>2026-10-04T18:24:24.000Z</time><extensions><gpxtpx:TrackPointExtension><gpxtpx:hr>183</gpxtpx:hr></gpxtpx:TrackPointExtension></extensions></trkpt>
<trkpt lat="51.502328" lon="-0.133414"><ele>48.2</ele><time>2026-10-04T18:24:27.000Z</time><extensions><gpxtpx:TrackPointExtension><gpxtpx:hr>183</gpxtpx:hr></gpxtpx:TrackPointExtension></extensions></trkpt>
<trkpt lat="51.502263" lon="-0.133377"><ele>48.3</ele><time>2026-10-04T18:24:29.000Z</time><extensions><gpxtpx:TrackPointExtension><gpxtpx:hr>183</gpxtpx:hr></gpxtpx:TrackPointExtension></extensions></trkpt>
<trkpt lat="51.502198" lon="-0.133339"><ele>48.4</ele><time>2026-10-04T18:24:32.000Z</time><extensions><gpxtpx:TrackPointExtension><gpxtpx:hr>184</gpxtpx:hr></gpxtpx:TrackPointExtension></extensions></trkpt>
<trkpt lat="51.502133" lon="-0.133299"><ele>48.4</ele><time>2026-10-04T18:24:34.000Z</time><extensions><gpxtpx:TrackPointExtension><gpxtpx:hr>184</gpxtpx:hr></gpxtpx:TrackPointExtension></extensions></trkpt>
<trkpt lat="51.502067" lon="-0.133258"><ele>48.4</ele><time>2026-10-04T18:24:37.000Z</time><extensions><gpxtpx:TrackPointExtension><gpxtpx:hr>184</gpxtpx:hr></gpxtpx:TrackPointExtension></extensions></trkpt>
<trkpt lat="51.502002" lon="-0.133216"><ele>48.4</ele><time>2026-10-04T18:24:40.000Z</time><extensions><gpxtpx:TrackPointExtension><gpxtpx:hr>184</gpxtpx:hr></gpxtpx:TrackPointExtension></extensions></trkpt>
<trkpt lat="51.501937" lon="-0.133173"><ele>48.3</ele><time>2026-10-04T18:24:42.000Z</time><extensions><gpxtpx:TrackPointExtension><gpxtpx:hr>185</gpxtpx:hr></gpxtpx:TrackPointExtension></extensions></trkpt>
<trkpt lat="51.501871" lon="-0.133128"><ele>48.3</ele><time>2026-10-04T18:24:45.000Z</time><extensions><gpxtpx:TrackPointExtension><gpxtpx:hr>185</gpxtpx:hr></gpxtpx:TrackPointExtension></extensions></trkpt>
<trkpt lat="51.501806" lon="-0.133082"><ele>48.2</ele><time>2026-10-04T18:24:48.000Z</time><extensions><gpxtpx:TrackPointExtension><gpxtpx:hr>185</gpxtpx:hr></gpxtpx:TrackPointExtension></extensions></trkpt>
<trkpt lat="51.501740" lon="-0.133034"><ele>48.1</ele><time>2026-10-04T18:24:50.000Z</time><extensions><gpxtpx:TrackPointExtension><gpxtpx:hr>186</gpxtpx:hr></gpxtpx:TrackPointExtension></extensions></trkpt>
<trkpt lat="51.501675" lon="-0.132985"><ele>47.9</ele><time>2026-10-04T18:24:53.000Z</time><extensions><gpxtpx:TrackPointExtension><gpxtpx:hr>186</gpxtpx:hr></gpxtpx:TrackPointExtension></extensions></trkpt>
<trkpt lat="51.501610" lon="-0.132934"><ele>47.8</ele><time>2026-10-04T18:24:56.000Z</time><extensions><gpxtpx:TrackPointExtension><gpxtpx:hr>186</gpxtpx:hr></gpxtpx:TrackPointExtension></extensions></trkpt>
<trkpt lat="51.501545" lon="-0.132882"><ele>47.6</ele><time>2026-10-04T18:24:59.000Z</time><extensions><gpxtpx:TrackPointExtension><gpxtpx:hr>187</gpxtpx:hr></gpxtpx:TrackPointExtension></extensions></trkpt>
<trkpt lat="51.501480" lon="-0.132828"><ele>47.4</ele><time>2026-10-04T18:25:01.000Z</time><extensions><gpxtpx:TrackPointExtension><gpxtpx:hr>187</gpxtpx:hr></gpxtpx:TrackPointExtension></extensions></trkpt>
<trkpt lat="51.501416" lon="-0.132773"><ele>47.2</ele><time>2026-10-04T18:25:04.000Z</time><extensions><gpxtpx:TrackPointExtension><gpxtpx:hr>188</gpxtpx:hr></gpxtpx:TrackPointExtension></extensions></trkpt>
<trkpt lat="51.501351" lon="-0.132716"><ele>46.9</ele><time>2026-10-04T18:25:07.000Z</time><extensions><gpxtpx:TrackPointExtension><gpxtpx:hr>188</gpxtpx:hr></gpxtpx:TrackPointExtension></extensions></trkpt>
<trkpt lat="51.501287" lon="-0.132657"><ele>46.7</ele><time>2026-10-04T18:25:10.000Z</time><extensions><gpxtpx:TrackPointExtension><gpxtpx:hr>188</gpxtpx:hr></gpxtpx:TrackPointExtension></extensions></trkpt>
<trkpt lat="51.501224" lon="-0.132597"><ele>46.4</ele><time>2026-10-04T18:25:12.000Z</time><extensions><gpxtpx:TrackPointExtension><gpxtpx:hr>189</gpxtpx:hr></gpxtpx:TrackPointExtension></extensions></trkpt>
<trkpt lat="51.501161" lon="-0.132535"><ele>46.1</ele><time>2026-10-04T18:25:15.000Z</time><extensions><gpxtpx:TrackPointExtension><gpxtpx:hr>189</gpxtpx:hr></gpxtpx:TrackPointExtension></extensions></trkpt>
<trkpt lat="51.501098" lon="-0.132472"><ele>45.7</ele><time>2026-10-04T18:25:18.000Z</time><extensions><gpxtpx:TrackPointExtension><gpxtpx:hr>190</gpxtpx:hr></gpxtpx:TrackPointExtension></extensions></trkpt>
<trkpt lat="51.501036" lon="-0.132407"><ele>45.4</ele><time>2026-10-04T18:25:21.000Z</time><extensions><gpxtpx:TrackPointExtension><gpxtpx:hr>190</gpxtpx:hr></gpxtpx:TrackPointExtension></extensions></trkpt>
<trkpt lat="51.500974" lon="-0.132340"><ele>45.0</ele><time>2026-10-04T18:25:23.000Z</time><extensions><gpxtpx:TrackPointExtension><gpxtpx:hr>190</gpxtpx:hr></gpxtpx:TrackPointExtension></extensions></trkpt>
<trkpt lat="51.500913" lon="-0.132272"><ele>44.6</ele><time>2026-10-04T18:25:26.000Z</time><extensions><gpxtpx:TrackPointExtension><gpxtpx:hr>191</gpxtpx:hr></gpxtpx:TrackPointExtension></extensions></trkpt>
<trkpt lat="51.500853" lon="-0.132202"><ele>44.2</ele><time>2026-10-04T18:25:29.000Z</time><extensions><gpxtpx:TrackPointExtension><gpxtpx:hr>191</gpxtpx:hr></gpxtpx:TrackPointExtension></extensions></trkpt>
<trkpt lat="51.500793" lon="-0.132130"><ele>43.8</ele><time>2026-10-04T18:25:32.000Z</time><extensions><gpxtpx:TrackPointExtension><gpxtpx:hr>192</gpxtpx:hr></gpxtpx:TrackPointExtension></extensions></trkpt>
<trkpt lat="51.500734" lon="-0.132057"><ele>43.3</ele><time>2026-10-04T18:25:34.000Z</time><extensions><gpxtpx:TrackPointExtension><gpxtpx:hr>192</gpxtpx:hr></gpxtpx:TrackPointExtension></extensions></trkpt>
<trkpt lat="51.500675" lon="-0.131982"><ele>42.9</ele><time>2026-10-04T18:25:37.000Z</time><extensions><gpxtpx:TrackPointExtension><gpxtpx:hr>193</gpxtpx:hr></gpxtpx:TrackPointExtension></extensions></trkpt>
<trkpt lat="51.500617" lon="-0.131906"><ele>42.4</ele><time>2026-10-04T18:25:40.000Z</time><extensions><gpxtpx:TrackPointExtension><gpxtpx:hr>193</gpxtpx:hr></gpxtpx:TrackPointExtension></extensions></trkpt>
<trkpt lat="51.500561" lon="-0.131828"><ele>41.9</ele><time>2026-10-04T18:25:43.000Z</time><extensions><gpxtpx:TrackPointExtension><gpxtpx:hr>194</gpxtpx:hr></gpxtpx:TrackPointExtension></extensions></trkpt>
<trkpt lat="51.500505" lon="-0.131748"><ele>41.4</ele><time>2026-10-04T18:25:45.000Z</time><extensions><gpxtpx:TrackPointExtension><gpxtpx:hr>194</gpxtpx:hr></gpxtpx:TrackPointExtension></extensions></trkpt>
<trkpt lat="51.500450" lon="-0.131666"><ele>40.9</ele><time>2026-10-04T18:25:48.000Z</time><extensions><gpxtpx:TrackPointExtension><gpxtpx:hr>195</gpxtpx:hr></gpxtpx:TrackPointExtension></extensions></trkpt>
<trkpt lat="51.500395" lon="-0.131583"><ele>40.4</ele><time>2026-10-04T18:25:51.000Z</time><extensions><gpxtpx:TrackPointExtension><gpxtpx:hr>195</gpxtpx:hr></gpxtpx:TrackPointExtension></extensions></trkpt>
<trkpt lat="51.500342" lon="-0.131499"><ele>39.9</ele><time>2026-10-04T18:25:53.000Z</time><extensions><gpxtpx:TrackPointExtension><gpxtpx:hr>196</gpxtpx:hr></gpxtpx:TrackPointExtension></extensions></trkpt>
<trkpt lat="51.500290" lon="-0.131413"><ele>39.3</ele><time>2026-10-04T18:25:56.000Z</time><extensions><gpxtpx:TrackPointExtension><gpxtpx:hr>196</gpxtpx:hr></gpxtpx:TrackPointExtension></extensions></trkpt>
<trkpt lat="51.500239" lon="-0.131325"><ele>38.8</ele><time>2026-10-04T18:25:59.000Z</time><extensions><gpxtpx:TrackPointExtension><gpxtpx:hr>197</gpxtpx:hr></gpxtpx:TrackPointExtension></extensions></trkpt>
<trkpt lat="51.500189" lon="-0.131236"><ele>38.2</ele><time>2026-10-04T18:26:02.000Z</time><extensions><gpxtpx:TrackPointExtension><gpxtpx:hr>197</gpxtpx:hr></gpxtpx:TrackPointExtension></extensions></trkpt>
<trkpt lat="51.500140" lon="-0.131145"><ele>37.7</ele><time>2026-10-04T18:26:04.000Z</time><extensions><gpxtpx:TrackPointExtension><gpxtpx:hr>198</gpxtpx:hr></gpxtpx:TrackPointExtension></extensions></trkpt>
<trkpt lat="51.500092" lon="-0.131053"><ele>37.1</ele><time>2026-10-04T18:26:07.000Z</time><extensions><gpxtpx:TrackPointExtension><gpxtpx:hr>198</gpxtpx:hr></gpxtpx:TrackPointExtension></extensions></trkpt>
<trkpt lat="51.500045" lon="-0.130959"><ele>36.6</ele><time>2026-10-04T18:26:10.000Z</time><extensions><gpxtpx:TrackPointExtension><gpxtpx:hr>199</gpxtpx:hr></gpxtpx:TrackPointExtension></extensions></trkpt>
<trkpt lat="51.500000" lon="-0.130864"><ele>36.0</ele><time>2026-10-04T18:26:12.000Z</time><extensions><gpxtpx:TrackPointExtension><gpxtpx:hr>199</gpxtpx:hr></gpxtpx:TrackPointExtension></extensions></trkpt>
<trkpt lat="51.499956" lon="-0.130768"><ele>35.4</ele><time>2026-10-04T18:26:15.000Z</time><extensions><gpxtpx:TrackPointExtension><gpxtpx:hr>200</gpxtpx:hr></gpxtpx:TrackPointExtension></extensions></trkpt>
<trkpt lat="51.499913" lon="-0.130670"><ele>34.9</ele><time>2026-10-04T18:26:18.000Z</time><extensions><gpxtpx:TrackPointExtension><gpxtpx:hr>200</gpxtpx:hr></gpxtpx:TrackPointExtension></extensions></trkpt>
<trkpt lat="51.499872" lon="-0.130571"><ele>34.3</ele><time>2026-10-04T18:26:20.000Z</time><extensions><gpxtpx:TrackPointExtension><gpxtpx:hr>201</gpxtpx:hr></gpxtpx:TrackPointExtension></extensions></trkpt>
<trkpt lat="51.499832" lon="-0.130471"><ele>33.8</ele><time>2026-10-04T18:26:23.000Z</time><extensions><gpxtpx:TrackPointExtension><gpxtpx:hr>201</gpxtpx:hr></gpxtpx:TrackPointExtension></extensions></trkpt>
<trkpt lat="51.499793" lon="-0.130370"><ele>33.2</ele><time>2026-10-04T18:26:26.000Z</time><extensions><gpxtpx:TrackPointExtension><gpxtpx:hr>202</gpxtpx:hr></gpxtpx:TrackPointExtension></extensions></trkpt>
<trkpt lat="51.499756" lon="-0.130267"><ele>32.7</ele><time>2026-10-04T18:26:28.000Z</time><extensions><gpxtpx:TrackPointExtension><gpxtpx:hr>203</gpxtpx:hr></gpxtpx:TrackPointExtension></extensions></trkpt>
<trkpt lat="51.499720" lon="-0.130163"><ele>32.1</ele><time>2026-10-04T18:26:31.000Z</time><extensions><gpxtpx:TrackPointExtension><gpxtpx:hr>203</gpxtpx:hr></gpxtpx:TrackPointExtension></extensions></trkpt>
<trkpt lat="51.499685" lon="-0.130058"><ele>31.6</ele><time>2026-10-04T18:26:33.000Z</time><extensions><gpxtpx:TrackPointExtension><gpxtpx:hr>204</gpxtpx:hr></gpxtpx:TrackPointExtension></extensions></trkpt>
<trkpt lat="51.499653" lon="-0.129952"><ele>31.1</ele><time>2026-10-04T18:26:36.000Z</time><extensions><gpxtpx:TrackPointExtension><gpxtpx:hr>204</gpxtpx:hr></gpxtpx:TrackPointExtension></extensions></trkpt>
<trkpt lat="51.499621" lon="-0.129845"><ele>30.6</ele><time>2026-10-04T18:26:39.000Z</time><extensions><gpxtpx:TrackPointExtension><gpxtpx:hr>205</gpxtpx:hr></gpxtpx:TrackPointExtension></extensions></trkpt>
<trkpt lat="51.499591" lon="-0.129737"><ele>30.1</ele><time>2026-10-04T18:26:41.000Z</time><extensions><gpxtpx:TrackPointExtension><gpxtpx:hr>205</gpxtpx:hr></gpxtpx:TrackPointExtension></extensions></trkpt>
<trkpt lat="51.499563" lon="-0.129628"><ele>29.6</ele><time>2026-10-04T18:26:44.000Z</time><extensions><gpxtpx:TrackPointExtension><gpxtpx:hr>206</gpxtpx:hr></gpxtpx:TrackPointExtension></extensions></trkpt>
<trkpt lat="51.499537" lon="-0.129518"><ele>29.1</ele><time>2026-10-04T18:26:46.000Z</time><extensions><gpxtpx:TrackPointExtension><gpxtpx:hr>207</gpxtpx:hr></gpxtpx:TrackPointExtension></extensions></trkpt>
<trkpt lat="51.499512" lon="-0.129407"><ele>28.7</ele><time>2026-10-04T18:26:49.000Z</time><extensions><gpxtpx:TrackPointExtension><gpxtpx:hr>207</gpxtpx:hr></gpxtpx:TrackPointExtension></extensions></trkpt>
<trkpt lat="51.499488" lon="-0.129296"><ele>28.2</ele><time>2026-10-04T18:26:51.000Z</time><extensions><gpxtpx:TrackPointExtension><gpxtpx:hr>208</gpxtpx:hr></gpxtpx:TrackPointExtension></extensions></trkpt>
<trkpt lat="51.499466" lon="-0.129184"><ele>27.8</ele><time>2026-10-04T18:26:54.000Z</time><extensions><gpxtpx:TrackPointExtension><gpxtpx:hr>208</gpxtpx:hr></gpxtpx:TrackPointExtension></extensions></trkpt>
<trkpt lat="51.499446" lon="-0.129071"><ele>27.4</ele><time>2026-10-04T18:26:56.000Z</time><extensions><gpxtpx:TrackPointExtension><gpxtpx:hr>209</gpxtpx:hr></gpxtpx:TrackPointExtension></extensions></trkpt>
<trkpt lat="51.499428" lon="-0.128957"><ele>27.0</ele><time>2026-10-04T18:26:59.000Z</time><extensions><gpxtpx:TrackPointExtension><gpxtpx:hr>209</gpxtpx:hr></gpxtpx:TrackPointExtension></extensions></trkpt>
<trkpt lat="51.499411" lon="-0.128843"><ele>26.6</ele><time>2026-10-04T18:27:01.000Z</time><extensions><gpxtpx:TrackPointExtension><gpxtpx:hr>210</gpxtpx:hr></gpxtpx:TrackPointExtension></extensions></trkpt>
<trkpt lat="51.499397" lon="-0.128729"><ele>26.3</ele><time>2026-10-04T18:27:04.000Z</time><extensions><gpxtpx:TrackPointExtension><gpxtpx:hr>211</gpxtpx:hr></gpxtpx:TrackPointExtension></extensions></trkpt>
<trkpt lat="51.499383" lon="-0.128613"><ele>25.9</ele><time>2026-10-04T18:27:06.000Z</time><extensions><gpxtpx:TrackPointExtension><gpxtpx:hr>211</gpxtpx:hr></gpxtpx:TrackPointExtension></extensions></trkpt>
<trkpt lat="51.499372" lon="-0.128498"><ele>25.6</ele><time>2026-10-04T18:27:09.000Z</time><extensions><gpxtpx:TrackPointExtension><gpxtpx:hr>212</gpxtpx:hr></gpxtpx:TrackPointExtension></extensions></trkpt>
<trkpt lat="51.499362" lon="-0.128382"><ele>25.3</ele><time>2026-10-04T18:27:11.000Z</time><extensions><gpxtpx:TrackPointExtension><gpxtpx:hr>212</gpxtpx:hr></gpxtpx:TrackPointExtension></extensions></trkpt>
<trkpt lat="51.499354" lon="-0.128266"><ele>25.0</ele><time>2026-10-04T18:27:14.000Z</time><extensions><gpxtpx:TrackPointExtension><gpxtpx:hr>213</gpxtpx:hr></gpxtpx:TrackPointExtension></extensions></trkpt>
<trkpt lat="51.499348" lon="-0.128150"><ele>24.8</ele><time>2026-10-04T18:27:16.000Z</time><extensions><gpxtpx:TrackPointExtension><gpxtpx:hr>214</gpxtpx:hr></gpxtpx:TrackPointExtension></extensions></trkpt>
<trkpt lat="51.499344" lon="-0.128033"><ele>24.5</ele><time>2026-10-04T18:27:19.000Z</time><extensions><gpxtpx:TrackPointExtension><gpxtpx:hr>214</gpxtpx:hr></gpxtpx:TrackPointExtension></extensions></trkpt>
<trkpt lat="51.499341" lon="-0.127917"><ele>24.3</ele><time>2026-10-04T18:27:21.000Z</time><extensions><gpxtpx:TrackPointExtension><gpxtpx:hr>215</gpxtpx:hr></gpxtpx:TrackPointExtension></extensions></trkpt>
<trkpt lat="51.499340" lon="-0.127800"><ele>24.1</ele><time>2026-10-04T18:27:24.000Z</time><extensions><gpxtpx:TrackPointExtension><gpxtpx:hr>215</gpxtpx:hr></gpxtpx:TrackPointExtension></extensions></trkpt>
<trkpt lat="51.499341" lon="-0.127683"><ele>23.9</ele><time>2026-10-04T18:27:26.000Z</time><extensions><gpxtpx:TrackPointExtension><gpxtpx:hr>216</gpxtpx:hr></gpxtpx:TrackPointExtension></extensions></trkpt>
<trkpt lat="51.499344" lon="-0.127567"><ele>23.7</ele><time>2026-10-04T18:27:29.000Z</time><extensions><gpxtpx:TrackPointExtension><gpxtpx:hr>216</gpxtpx:hr></gpxtpx:TrackPointExtension></extensions></trkpt>
<trkpt lat="51.499348" lon="-0.127450"><ele>23.6</ele><time>2026-10-04T18:27:31.000Z</time><extensions><gpxtpx:TrackPointExtension><gpxtpx:hr>217</gpxtpx:hr></gpxtpx:TrackPointExtension></extensions></trkpt>
<trkpt lat="51.499354" lon="-0.127334"><ele>23.4</ele><time>2026-10-04T18:27:33.000Z</time><extensions><gpxtpx:TrackPointExtension><gpxtpx:hr>218</gpxtpx:hr></gpxtpx:TrackPointExtension></extensions></trkpt>
<trkpt lat="51.499362" lon="-0.127218"><ele>23.3</ele><time>2026-10-04T18:27:36.000Z</time><extensions><gpxtpx:TrackPointExtension><gpxtpx:hr>218</gpxtpx:hr></gpxtpx:TrackPointExtension></extensions></trkpt>
<trkpt lat="51.499372" lon="-0.127102"><ele>23.2</ele><time>2026-10-04T18:27:38.000Z</time><extensions><gpxtpx:TrackPointExtension><gpxtpx:hr>219</gpxtpx:hr></gpxtpx:TrackPointExtension></extensions></trkpt>
<trkpt lat="51.499383" lon="-0.126987"><ele>23.1</ele><time>2026-10-04T18:27:41.000Z</time><extensions><gpxtpx:TrackPointExtension><gpxtpx:hr>219</gpxtpx:hr></gpxtpx:TrackPointExtension></extensions></trkpt>
<trkpt lat="51.499397" lon="-0.126871"><ele>23.1</ele><time>2026-10-04T18:27:43.000Z</time><extensions><gpxtpx:TrackPointExtension><gpxtpx:hr>220</gpxtpx:hr></gpxtpx:TrackPointExtension></extensions></trkpt>
<trkpt lat="51.499411" lon="-0.126757"><ele>23.0</ele><time>2026-10-04T18:27:46.000Z</time><extensions><gpxtpx:TrackPointExtension><gpxtpx:hr>221</gpxtpx:hr></gpxtpx:TrackPointExtension></extensions></trkpt>
<trkpt lat="51.499428" lon="-0.126643"><ele>23.0</ele><time>2026-10-04T18:27:48.000Z</time><extensions><gpxtpx:TrackPointExtension><gpxtpx:hr>221</gpxtpx:hr></gpxtpx:TrackPointExtension></extensions></trkpt>
<trkpt lat="51.499446" lon="-0.126529"><ele>23.0</ele><time>2026-10-04T18:27:50.000Z</time><extensions><gpxtpx:TrackPointExtension><gpxtpx:hr>222</gpxtpx:hr></gpxtpx:TrackPointExtension></extensions></trkpt>
<trkpt lat="51.499466" lon="-0.126416"><ele>23.0</ele><time>2026-10-04T18:27:53.000Z</time><extensions><gpxtpx:TrackPointExtension><gpxtpx:hr>222</gpxtpx:hr></gpxtpx:TrackPointExtension></extensions></trkpt>
<trkpt lat="51.499488" lon="-0.126304"><ele>23.0</ele><time>2026-10-04T18:27:55.000Z</time><extensions><gpxtpx:TrackPointExtension><gpxtpx:hr>223</gpxtpx:hr></gpxtpx:TrackPointExtension></extensions></trkpt>
<trkpt lat="51.499512" lon="-0.126193"><ele>23.1</ele><time>2026-10-04T18:27:58.000Z</time><extensions><gpxtpx:TrackPointExtension><gpxtpx:hr>223</gpxtpx:hr></gpxtpx:TrackPointExtension></extensions></trkpt>
<trkpt lat="51.499537" lon="-0.126082"><ele>23.1</ele><time>2026-10-04T18:28:00.000Z</time><extensions><gpxtpx:TrackPointExtension><gpxtpx:hr>224</gpxtpx:hr></gpxtpx:TrackPointExtension></extensions></trkpt>
<trkpt lat="51.499563" lon="-0.125972"><ele>23.1</ele><time>2026-10-04T18:28:02.000Z</time><extensions><gpxtpx:TrackPointExtension><gpxtpx:hr>224</gpxtpx:hr></gpxtpx:TrackPointExtension></extensions></trkpt>
<trkpt lat="51.499591" lon="-0.125863"><ele>23.2</ele><time>2026-10-04T18:28:05.000Z</time><extensions><gpxtpx:TrackPointExtension><gpxtpx:hr>225</gpxtpx:hr></gpxtpx:TrackPointExtension></extensions></trkpt>
<trkpt lat="51.499621" lon="-0.125755"><ele>23.3</ele><time>2026-10-04T18:28:07.000Z</time><extensions><gpxtpx:TrackPointExtension><gpxtpx:hr>225</gpxtpx:hr></gpxtpx:TrackPointExtension></extensions></trkpt>
<trkpt lat="51.499653" lon="-0.125648"><ele>23.4</ele><time>2026-10-04T18:28:10.000Z</time><extensions><gpxtpx:TrackPointExtension><gpxtpx:hr>226</gpxtpx:hr></gpxtpx:TrackPointExtension></extensions></trkpt>
<trkpt lat="51.499685" lon="-0.125542"><ele>23.5</ele><time>2026-10-04T18:28:12.000Z</time><extensions><gpxtpx:TrackPointExtension><gpxtpx:hr>226</gpxtpx:hr></gpxtpx:TrackPointExtension></extensions></trkpt>
<trkpt lat="51.499720" lon="-0.125437"><ele>23.6</ele><time>2026-10-04T18:28:14.000Z</time><extensions><gpxtpx:TrackPointExtension><gpxtpx:hr>227</gpxtpx:hr></gpxtpx:TrackPointExtension></extensions></trkpt>
<trkpt lat="51.499756" lon="-0.125333"><ele>23.7</ele><time>2026-10-04T18:28:17.000Z</time><extensions><gpxtpx:TrackPointExtension><gpxtpx:hr>228</gpxtpx:hr></gpxtpx:TrackPointExtension></extensions></trkpt>
<trkpt lat="51.499793" lon="-0.125230"><ele>23.8</ele><time>2026-10-04T18:28:19.000Z</time><extensions><gpxtpx:TrackPointExtension><gpxtpx:hr>228</gpxtpx:hr></gpxtpx:TrackPointExtension></extensions></trkpt>
<trkpt lat="51.499832" lon="-0.125129"><ele>23.9</ele><time>2026-10-04T18:28:22.000Z</time><extensions><gpxtpx:TrackPointExtension><gpxtpx:hr>229</gpxtpx:hr></gpxtpx:TrackPointExtension></extensions></trkpt>
<trkpt lat="51.499872" lon="-0.125029"><ele>24.0</ele><time>2026-10-04T18:28:24.000Z</time><extensions><gpxtpx:TrackPointExtension><gpxtpx:hr>229</gpxtpx:hr></gpxtpx:TrackPointExtension></extensions></trkpt>
<trkpt lat="51.499913" lon="-0.124930"><ele>24.1</ele><time>2026-10-04T18:28:26.000Z</time><extensions><gpxtpx:TrackPointExtension><gpxtpx:hr>230</gpxtpx:hr></gpxtpx:TrackPointExtension></extensions></trkpt>
<trkpt lat="51.499956" lon="-0.124832"><ele>24.2</ele><time>2026-10-04T18:28:29.000Z</time><extensions><gpxtpx:TrackPointExtension><gpxtpx:hr>230</gpxtpx:hr></gpxtpx:TrackPointExtension></extensions></trkpt>
<trkpt lat="51.500000" lon="-0.124736"><ele>24.4</ele><time>2026-10-04T18:28:31.000Z</time><extensions><gpxtpx:TrackPointExtension><gpxtpx:hr>230</gpxtpx:hr></gpxtpx:TrackPointExtension></extensions></trkpt>
<trkpt lat="51.500045" lon="-0.124641"><ele>24.5</ele><time>2026-10-04T18:28:33.000Z</time><extensions><gpxtpx:TrackPointExtension><gpxtpx:hr>231</gpxtpx:hr></gpxtpx:TrackPointExtension></extensions></trkpt>
<trkpt lat="51.500092" lon="-0.124547"><ele>24.6</ele><time>2026-10-04T18:28:36.000Z</time><extensions><gpxtpx:TrackPointExtension><gpxtpx:hr>231</gpxtpx:hr></gpxtpx:TrackPointExtension></extensions></trkpt>
<trkpt lat="51.500140" lon="-0.124455"><ele>24.7</ele><time>2026-10-04T18:28:38.000Z</time><extensions><gpxtpx:TrackPointExtension><gpxtpx:hr>232</gpxtpx:hr></gpxtpx:TrackPointExtension></extensions></trkpt>
<trkpt lat="51.500189" lon="-0.124364"><ele>24.8</ele><time>2026-10-04T18:28:41.000Z</time><extensions><gpxtpx:TrackPointExtension><gpxtpx:hr>232</gpxtpx:hr></gpxtpx:TrackPointExtension></extensions></trkpt>
<trkpt lat="51.500239" lon="-0.124275"><ele>24.9</ele><time>2026-10-04T18:28:43.000Z</time><extensions><gpxtpx:TrackPointExtension><gpxtpx:hr>233</gpxtpx:hr></gpxtpx:TrackPointExtension></extensions></trkpt>
<trkpt lat="51.500290" lon="-0.124187"><ele>25.0</ele><time>2026-10-04T18:28:45.000Z</time><extensions><gpxtpx:TrackPointExtension><gpxtpx:hr>233</gpxtpx:hr></gpxtpx:TrackPointExtension></extensions></trkpt>
<trkpt lat="51.500342" lon="-0.124101"><ele>25.1</ele><time>2026-10-04T18:28:48.000Z</time><extensions><gpxtpx:TrackPointExtension><gpxtpx:hr>234</gpxtpx:hr></gpxtpx:TrackPointExtension></extensions></trkpt>
<trkpt lat="51.500395" lon="-0.124017"><ele>25.2</ele><time>2026-10-04T18:28:50.000Z</time><extensions><gpxtpx:TrackPointExtension><gpxtpx:hr>234</gpxtpx:hr></gpxtpx:TrackPointExtension></extensions></trkpt>
<trkpt lat="51.500450" lon="-0.123934"><ele>25.2</ele><time>2026-10-04T18:28:52.000Z</time><extensions><gpxtpx:TrackPointExtension><gpxtpx:hr>234</gpxtpx:hr></gpxtpx:TrackPointExtension></extensions></trkpt>
<trkpt lat="51.500505" lon="-0.123852"><ele>25.3</ele><time>2026-10-04T18:28:55.000Z</time><extensions><gpxtpx:TrackPointExtension><gpxtpx:hr>235</gpxtpx:hr></gpxtpx:TrackPointExtension></extensions></trkpt>
<trkpt lat="51.500561" lon="-0.123772"><ele>25.3</ele><time>2026-10-04T18:28:57.000Z</time><extensions><gpxtpx:TrackPointExtension><gpxtpx:hr>235</gpxtpx:hr></gpxtpx:TrackPointExtension></extensions></trkpt>
<trkpt lat="51.500617" lon="-0.123694"><ele>25.4</ele><time>2026-10-04T18:29:00.000Z</time><extensions><gpxtpx:TrackPointExtension><gpxtpx:hr>236</gpxtpx:hr></gpxtpx:TrackPointExtension></extensions></trkpt>
<trkpt lat="51.500675" lon="-0.123618"><ele>25.4</ele><time>2026-10-04T18:29:02.000Z</time><extensions><gpxtpx:TrackPointExtension><gpxtpx:hr>236</gpxtpx:hr></gpxtpx:TrackPointExtension></extensions></trkpt>
<trkpt lat="51.500734" lon="-0.123543"><ele>25.4</ele><time>2026-10-04T18:29:04.000Z</time><extensions><gpxtpx:TrackPointExtension><gpxtpx:hr>236</gpxtpx:hr></gpxtpx:TrackPointExtension></extensions></trkpt>
<trkpt lat="51.500793" lon="-0.123470"><ele>25.4</ele><time>2026-10-04T18:29:07.000Z</time><extensions><gpxtpx:TrackPointExtension><gpxtpx:hr>237</gpxtpx:hr></gpxtpx:TrackPointExtension></extensions></trkpt>
<trkpt lat="51.500853" lon="-0.123398"><ele>25.4</ele><time>2026-10-04T18:29:09.000Z</time><extensions><gpxtpx:TrackPointExtension><gpxtpx:hr>237</gpxtpx:hr></gpxtpx:TrackPointExtension></extensions></trkpt>
<trkpt lat="51.500913" lon="-0.123328"><ele>25.4</ele><time>2026-10-04T18:29:11.000Z</time><extensions><gpxtpx:TrackPointExtension><gpxtpx:hr>238</gpxtpx:hr></gpxtpx:TrackPointExtension></extensions></trkpt>
<trkpt lat="51.500974" lon="-0.123260"><ele>25.3</ele><time>2026-10-04T18:29:14.000Z</time><extensions><gpxtpx:TrackPointExtension><gpxtpx:hr>238</gpxtpx:hr></gpxtpx:TrackPointExtension></extensions></trkpt>
<trkpt lat="51.501036" lon="-0.123193"><ele>25.3</ele><time>2026-10-04T18:29:16.000Z</time><extensions><gpxtpx:TrackPointExtension><gpxtpx:hr>238</gpxtpx:hr></gpxtpx:TrackPointExtension></extensions></trkpt>
<trkpt lat="51.501098" lon="-0.123128"><ele>25.2</ele><time>2026-10-04T18:29:18.000Z</time><extensions><gpxtpx:TrackPointExtension><gpxtpx:hr>239</gpxtpx:hr></gpxtpx:TrackPointExtension></extensions></trkpt>
<trkpt lat="51.501161" lon="-0.123065"><ele>25.1</ele><time>2026-10-04T18:29:21.000Z</time><extensions><gpxtpx:TrackPointExtension><gpxtpx:hr>239</gpxtpx:hr></gpxtpx:TrackPointExtension></extensions></trkpt>
<trkpt lat="51.501224" lon="-0.123003"><ele>25.0</ele><time>2026-10-04T18:29:23.000Z</time><extensions><gpxtpx:TrackPointExtension><gpxtpx:hr>239</gpxtpx:hr></gpxtpx:TrackPointExtension></extensions></trkpt>
<trkpt lat="51.501287" lon="-0.122943"><ele>24.9</ele><time>2026-10-04T18:29:25.000Z</time><extensions><gpxtpx:TrackPointExtension><gpxtpx:hr>240</gpxtpx:hr></gpxtpx:TrackPointExtension></extensions></trkpt>
<trkpt lat="51.501351" lon="-0.122884"><ele>24.7</ele><time>2026-10-04T18:29:27.000Z</time><extensions><gpxtpx:TrackPointExtension><gpxtpx:hr>240</gpxtpx:hr></gpxtpx:TrackPointExtension></extensions></trkpt>
<trkpt lat="51.501416" lon="-0.122827"><ele>24.6</ele><time>2026-10-04T18:29:30.000Z</time><extensions><gpxtpx:TrackPointExtension><gpxtpx:hr>240</gpxtpx:hr></gpxtpx:TrackPointExtension></extensions></trkpt>
<trkpt lat="51.501480" lon="-0.122772"><ele>24.4</ele><time>2026-10-04T18:29:32.000Z</time><extensions><gpxtpx:TrackPointExtension><gpxtpx:hr>240</gpxtpx:hr></gpxtpx:TrackPointExtension></extensions></trkpt>
<trkpt lat="51.501545" lon="-0.122718"><ele>24.2</ele><time>2026-10-04T18:29:34.000Z</time><extensions><gpxtpx:TrackPointExtension><gpxtpx:hr>241</gpxtpx:hr></gpxtpx:TrackPointExtension></extensions></trkpt>
<trkpt lat="51.501610" lon="-0.122666"><ele>24.0</ele><time>2026-10-04T18:29:36.000Z</time><extensions><gpxtpx:TrackPointExtension><gpxtpx:hr>241</gpxtpx:hr></gpxtpx:TrackPointExtension></extensions></trkpt>
<trkpt lat="51.501675" lon="-0.122615"><ele>23.8</ele><time>2026-10-04T18:29:39.000Z</time><extensions><gpxtpx:TrackPointExtension><gpxtpx:hr>241</gpxtpx:hr></gpxtpx:TrackPointExtension></extensions></trkpt>
<trkpt lat="51.501740" lon="-0.122566"><ele>23.6</ele><time>2026-10-04T18:29:41.000Z</time><extensions><gpxtpx:TrackPointExtension><gpxtpx:hr>242</gpxtpx:hr></gpxtpx:TrackPointExtension></extensions></trkpt>
<trkpt lat="51.501806" lon="-0.122518"><ele>23.4</ele><time>2026-10-04T18:29:43.000Z</time><extensions><gpxtpx:TrackPointExtension><gpxtpx:hr>242</gpxtpx:hr></gpxtpx:TrackPointExtension></extensions></trkpt>
<trkpt lat="51.501871" lon="-0.122472"><ele>23.1</ele><time>2026-10-04T18:29:45.000Z</time><extensions><gpxtpx:TrackPointExtension><gpxtpx:hr>242</gpxtpx:hr></gpxtpx:TrackPointExtension></extensions></trkpt>
<trkpt lat="51.501937" lon="-0.122427"><ele>22.8</ele><time>2026-10-04T18:29:48.000Z</time><extensions><gpxtpx:TrackPointExtension><gpxtpx:hr>242</gpxtpx:hr></gpxtpx:TrackPointExtension></extensions></trkpt>
<trkpt lat="51.502002" lon="-0.122384"><ele>22.5</ele><time>2026-10-04T18:29:50.000Z</time><extensions><gpxtpx:TrackPointExtension><gpxtpx:hr>242</gpxtpx:hr></gpxtpx:TrackPointExtension></extensions></trkpt>
<trkpt lat="51.502067" lon="-0.122342"><ele>22.2</ele><time>2026-10-04T18:29:52.000Z</time><extensions><gpxtpx:TrackPointExtension><gpxtpx:hr>243</gpxtpx:hr></gpxtpx:TrackPointExtension></extensions></trkpt>
<trkpt lat="51.502133" lon="-0.122301"><ele>21.9</ele><time>2026-10-04T18:29:54.000Z</time><extensions><gpxtpx:TrackPointExtension><gpxtpx:hr>243</gpxtpx:hr></gpxtpx:TrackPointExtension></extensions></trkpt>
<trkpt lat="51.502198" lon="-0.122261"><ele>21.6</ele><time>2026-10-04T18:29:56.000Z</time><extensions><gpxtpx:TrackPointExtension><gpxtpx:hr>243</gpxtpx:hr></gpxtpx:TrackPointExtension></extensions></trkpt>
<trkpt lat="51.502263" lon="-0.122223"><ele>21.3</ele><time>2026-10-04T18:29:58.000Z</time><extensions><gpxtpx:TrackPointExtension><gpxtpx:hr>243</gpxtpx:hr></gpxtpx:TrackPointExtension></extensions></trkpt>
<trkpt lat="51.502328" lon="-0.122186"><ele>20.9</ele><time>2026-10-04T18:30:01.000Z</time><extensions><gpxtpx:TrackPointExtension><gpxtpx:hr>243</gpxtpx:hr></gpxtpx:TrackPointExtension></extensions></trkpt>
<trkpt lat="51.502392" lon="-0.122151"><ele>20.6</ele><time>2026-10-04T18:30:03.000Z</time><extensions><gpxtpx:TrackPointExtension><gpxtpx:hr>244</gpxtpx:hr></gpxtpx:TrackPointExtension></extensions></trkpt>
<trkpt lat="51.502457" lon="-0.122116"><ele>20.2</ele><time>2026-10-04T18:30:05.000Z</time><extensions><gpxtpx:TrackPointExtension><gpxtpx:hr>244</gpxtpx:hr></gpxtpx:TrackPointExtension></extensions></trkpt>
<trkpt lat="51.502521" lon="-0.122082"><ele>19.9</ele><time>2026-10-04T18:30:07.000Z</time><extensions><gpxtpx:TrackPointExtension><gpxtpx:hr>244</gpxtpx:hr></gpxtpx:TrackPointExtension></extensions></trkpt>
<trkpt lat="51.502585" lon="-0.122050"><ele>19.5</ele><time>2026-10-04T18:30:09.000Z</time><extensions><gpxtpx:TrackPointExtension><gpxtpx:hr>244</gpxtpx:hr></gpxtpx:TrackPointExtension></extensions></trkpt>
<trkpt lat="51.502648" lon="-0.122018"><ele>19.1</ele><time>2026-10-04T18:30:11.000Z</time><extensions><gpxtpx:TrackPointExtension><gpxtpx:hr>244</gpxtpx:hr></gpxtpx:TrackPointExtension></extensions></trkpt>
<trkpt lat="51.502711" lon="-0.121988"><ele>18.7</ele><time>2026-10-04T18:30:13.000Z</time><extensions><gpxtpx:TrackPointExtension><gpxtpx:hr>244</gpxtpx:hr></gpxtpx:TrackPointExtension></extensions></trkpt>
<trkpt lat="51.502774" lon="-0.121958"><ele>18.3</ele><time>2026-10-04T18:30:15.000Z</time><extensions><gpxtpx:TrackPointExtension><gpxtpx:hr>244</gpxtpx:hr></gpxtpx:TrackPointExtension></extensions></trkpt>
<trkpt lat="51.502836" lon="-0.121930"><ele>18.0</ele><time>2026-10-04T18:30:17.000Z</time><extensions><gpxtpx:TrackPointExtension><gpxtpx:hr>245</gpxtpx:hr></gpxtpx:TrackPointExtension></extensions></trkpt>
<trkpt lat="51.502898" lon="-0.121902"><ele>17.6</ele><time>2026-10-04T18:30:19.000Z</time><extensions><gpxtpx:TrackPointExtension><gpxtpx:hr>245</gpxtpx:hr></gpxtpx:TrackPointExtension></extensions></trkpt>
<trkpt lat="51.502959" lon="-0.121875"><ele>17.2</ele><time>2026-10-04T18:30:21.000Z</time><extensions><gpxtpx:TrackPointExtension><gpxtpx:hr>245</gpxtpx:hr></gpxtpx:TrackPointExtension></extensions></trkpt>
<trkpt lat="51.503020" lon="-0.121848"><ele>16.8</ele><time>2026-10-04T18:30:23.000Z</time><extensions><gpxtpx:TrackPointExtension><gpxtpx:hr>245</gpxtpx:hr></gpxtpx:TrackPointExtension></extensions></trkpt>
<trkpt lat="51.503081" lon="-0.121823"><ele>16.4</ele><time>2026-10-04T18:30:25.000Z</time><extensions><gpxtpx:TrackPointExtension><gpxtpx:hr>245</gpxtpx:hr></gpxtpx:TrackPointExtension></extensions></trkpt>
<trkpt lat="51.503141" lon="-0.121798"><ele>16.0</ele><time>2026-10-04T18:30:27.000Z</time><extensions><gpxtpx:TrackPointExtension><gpxtpx:hr>245</gpxtpx:hr></gpxtpx:TrackPointExtension></extensions></trkpt>
<trkpt lat="51.503200" lon="-0.121773"><ele>15.7</ele><time>2026-10-04T18:30:29.000Z</time><extensions><gpxtpx:TrackPointExtension><gpxtpx:hr>245</gpxtpx:hr></gpxtpx:TrackPointExtension></extensions></trkpt>
<trkpt lat="51.503259" lon="-0.121749"><ele>15.3</ele><time>2026-10-04T18:30:30.000Z</time><extensions><gpxtpx:TrackPointExtension><gpxtpx:hr>245</gpxtpx:hr></gpxtpx:TrackPointExtension></extensions></trkpt>
<trkpt lat="51.503317" lon="-0.121726"><ele>14.9</ele><time>2026-10-04T18:30:32.000Z</time><extensions><gpxtpx:TrackPointExtension><gpxtpx:hr>245</gpxtpx:hr></gpxtpx:TrackPointExtension></extensions></trkpt>
<trkpt lat="51.503375" lon="-0.121703"><ele>14.6</ele><time>2026-10-04T18:30:34.000Z</time><extensions><gpxtpx:TrackPointExtension><gpxtpx:hr>245</gpxtpx:hr></gpxtpx:TrackPointExtension></extensions></trkpt>
<trkpt lat="51.503432" lon="-0.121681"><ele>14.2</ele><time>2026-10-04T18:30:36.000Z</time><extensions><gpxtpx:TrackPointExtension><gpxtpx:hr>245</gpxtpx:hr></gpxtpx:TrackPointExtension></extensions></trkpt>
<trkpt lat="51.503488" lon="-0.121658"><ele>13.9</ele><time>2026-10-04T18:30:38.000Z</time><extensions><gpxtpx:TrackPointExtension><gpxtpx:hr>245</gpxtpx:hr></gpxtpx:TrackPointExtension></extensions></trkpt>
<trkpt lat="51.503544" lon="-0.121636"><ele>13.6</ele><time>2026-10-04T18:30:39.000Z</time><extensions><gpxtpx:TrackPointExtension><gpxtpx:hr>245</gpxtpx:hr></gpxtpx:TrackPointExtension></extensions></trkpt>
<trkpt lat="51.503599" lon="-0.121615"><ele>13.3</ele><time>2026-10-04T18:30:41.000Z</time><extensions><gpxtpx:TrackPointExtension><gpxtpx:hr>245</gpxtpx:hr></gpxtpx:TrackPointExtension></extensions></trkpt>
<trkpt lat="51.503654" lon="-0.121593"><ele>13.0</ele><time>2026-10-04T18:30:43.000Z</time><extensions><gpxtpx:TrackPointExtension><gpxtpx:hr>246</gpxtpx:hr></gpxtpx:TrackPointExtension></extensions></trkpt>
<trkpt lat="51.503708" lon="-0.121571"><ele>12.7</ele><time>2026-10-04T18:30:45.000Z</time><extensions><gpxtpx:TrackPointExtension><gpxtpx:hr>246</gpxtpx:hr></gpxtpx:TrackPointExtension></extensions></trkpt>
<trkpt lat="51.503761" lon="-0.121550"><ele>12.4</ele><time>2026-10-04T18:30:46.000Z</time><extensions><gpxtpx:TrackPointExtension><gpxtpx:hr>246</gpxtpx:hr></gpxtpx:TrackPointExtension></extensions></trkpt>
<trkpt lat="51.503814" lon="-0.121529"><ele>12.2</ele><time>2026-10-04T18:30:48.000Z</time><extensions><gpxtpx:TrackPointExtension><gpxtpx:hr>246</gpxtpx:hr></gpxtpx:TrackPointExtension></extensions></trkpt>
<trkpt lat="51.503866" lon="-0.121507"><ele>11.9</ele><time>2026-10-04T18:30:50.000Z</time><extensions><gpxtpx:TrackPointExtension><gpxtpx:hr>246</gpxtpx:hr></gpxtpx:TrackPointExtension></extensions></trkpt>
<trkpt lat="51.503917" lon="-0.121486"><ele>11.7</ele><time>2026-10-04T18:30:51.000Z</time><extensions><gpxtpx:TrackPointExtension><gpxtpx:hr>246</gpxtpx:hr></gpxtpx:TrackPointExtension></extensions></trkpt>
<trkpt lat="51.503968" lon="-0.121464"><ele>11.5</ele><time>2026-10-04T18:30:53.000Z</time><extensions><gpxtpx:TrackPointExtension><gpxtpx:hr>246</gpxtpx:hr></gpxtpx:TrackPointExtension></extensions></trkpt>
<trkpt lat="51.504018" lon="-0.121442"><ele>11.4</ele><time>2026-10-04T18:30:55.000Z</time><extensions><gpxtpx:TrackPointExtension><gpxtpx:hr>246</gpxtpx:hr></gpxtpx:TrackPointExtension></extensions></trkpt>
<trkpt lat="51.504067" lon="-0.121420"><ele>11.2</ele><time>2026-10-04T18:30:56.000Z</time><extensions><gpxtpx:TrackPointExtension><gpxtpx:hr>246</gpxtpx:hr></gpxtpx:TrackPointExtension></extensions></trkpt>
<trkpt lat="51.504116" lon="-0.121398"><ele>11.1</ele><time>2026-10-04T18:30:58.000Z</time><extensions><gpxtpx:TrackPointExtension><gpxtpx:hr>245</gpxtpx:hr></gpxtpx:TrackPointExtension></extensions></trkpt>
<trkpt lat="51.504164" lon="-0.121375"><ele>11.0</ele><time>2026-10-04T18:30:59.000Z</time><extensions><gpxtpx:TrackPointExtension><gpxtpx:hr>245</gpxtpx:hr></gpxtpx:TrackPointExtension></extensions></trkpt>
<trkpt lat="51.504212" lon="-0.121352"><ele>10.9</ele><time>2026-10-04T18:31:01.000Z</time><extensions><gpxtpx:TrackPointExtension><gpxtpx:hr>245</gpxtpx:hr></gpxtpx:TrackPointExtension></extensions></trkpt>
<trkpt lat="51.504259" lon="-0.121328"><ele>10.8</ele><time>2026-10-04T18:31:02.000Z</time><extensions><gpxtpx:TrackPointExtension><gpxtpx:hr>245</gpxtpx:hr></gpxtpx:TrackPointExtension></extensions></trkpt>
<trkpt lat="51.504305" lon="-0.121304"><ele>10.7</ele><time>2026-10-04T18:31:04.000Z</time><extensions><gpxtpx:TrackPointExtension><gpxtpx:hr>245</gpxtpx:hr></gpxtpx:TrackPointExtension></extensions></trkpt>
<trkpt lat="51.504351" lon="-0.121280"><ele>10.7</ele><time>2026-10-04T18:31:05.000Z</time><extensions><gpxtpx:TrackPointExtension><gpxtpx:hr>245</gpxtpx:hr></gpxtpx:TrackPointExtension></extensions></trkpt>
<trkpt lat="51.504396" lon="-0.121255"><ele>10.7</ele><time>2026-10-04T18:31:07.000Z</time><extensions><gpxtpx:TrackPointExtension><gpxtpx:hr>245</gpxtpx:hr></gpxtpx:TrackPointExtension></extensions></trkpt>
<trkpt lat="51.504440" lon="-0.121229"><ele>10.7</ele><time>2026-10-04T18:31:08.000Z</time><extensions><gpxtpx:TrackPointExtension><gpxtpx:hr>245</gpxtpx:hr></gpxtpx:TrackPointExtension></extensions></trkpt>
<trkpt lat="51.504484" lon="-0.121203"><ele>10.8</ele><time>2026-10-04T18:31:10.000Z</time><extensions><gpxtpx:TrackPointExtension><gpxtpx:hr>245</gpxtpx:hr></gpxtpx:TrackPointExtension></extensions></trkpt>
<trkpt lat="51.504527" lon="-0.121175"><ele>10.8</ele><time>2026-10-04T18:31:11.000Z</time><extensions><gpxtpx:TrackPointExtension><gpxtpx:hr>245</gpxtpx:hr></gpxtpx:TrackPointExtension></extensions></trkpt>
<trkpt lat="51.504570" lon="-0.121148"><ele>10.9</ele><time>2026-10-04T18:31:13.000Z</time><extensions><gpxtpx:TrackPointExtension><gpxtpx:hr>245</gpxtpx:hr></gpxtpx:TrackPointExtension></extensions></trkpt>
<trkpt lat="51.504612" lon="-0.121119"><ele>11.1</ele><time>2026-10-04T18:31:14.000Z</time><extensions><gpxtpx:TrackPointExtension><gpxtpx:hr>245</gpxtpx:hr></gpxtpx:TrackPointExtension></extensions></trkpt>
<trkpt lat="51.504654" lon="-0.121090"><ele>11.2</ele><time>2026-10-04T18:31:15.000Z</time><extensions><gpxtpx:TrackPointExtension><gpxtpx:hr>245</gpxtpx:hr></gpxtpx:TrackPointExtension></extensions></trkpt>
<trkpt lat="51.504695" lon="-0.121060"><ele>11.4</ele><time>2026-10-04T18:31:17.000Z</time><extensions><gpxtpx:TrackPointExtension><gpxtpx:hr>245</gpxtpx:hr></gpxtpx:TrackPointExtension></extensions></trkpt>
<trkpt lat="51.504736" lon="-0.121029"><ele>11.6</ele><time>2026-10-04T18:31:18.000Z</time><extensions><gpxtpx:TrackPointExtension><gpxtpx:hr>245</gpxtpx:hr></gpxtpx:TrackPointExtension></extensions></trkpt>
<trkpt lat="51.504776" lon="-0.120997"><ele>11.8</ele><time>2026-10-04T18:31:20.000Z</time><extensions><gpxtpx:TrackPointExtension><gpxtpx:hr>245</gpxtpx:hr></gpxtpx:TrackPointExtension></extensions></trkpt>
<trkpt lat="51.504816" lon="-0.120964"><ele>12.0</ele><time>2026-10-04T18:31:21.000Z</time><extensions><gpxtpx:TrackPointExtension><gpxtpx:hr>245</gpxtpx:hr></gpxtpx:TrackPointExtension></extensions></trkpt>
<trkpt lat="51.504855" lon="-0.120930"><ele>12.3</ele><time>2026-10-04T18:31:22.000Z</time><extensions><gpxtpx:TrackPointExtension><gpxtpx:hr>245</gpxtpx:hr></gpxtpx:TrackPointExtension></extensions></trkpt>
<trkpt lat="51.504894" lon="-0.120896"><ele>12.5</ele><time>2026-10-04T18:31:24.000Z</time><extensions><gpxtpx:TrackPointExtension><gpxtpx:hr>245</gpxtpx:hr></gpxtpx:TrackPointExtension></extensions></trkpt>
<trkpt lat="51.504933" lon="-0.120860"><ele>12.8</ele><time>2026-10-04T18:31:25.000Z</time><extensions><gpxtpx:TrackPointExtension><gpxtpx:hr>244</gpxtpx:hr></gpxtpx:TrackPointExtension></extensions></trkpt>
<trkpt lat="51.504971" lon="-0.120823"><ele>13.1</ele><time>2026-10-04T18:31:27.000Z</time><extensions><gpxtpx:TrackPointExtension><gpxtpx:hr>244</gpxtpx:hr></gpxtpx:TrackPointExtension></extensions></trkpt>
<trkpt lat="51.505009" lon="-0.120785"><ele>13.5</ele><time>2026-10-04T18:31:28.000Z</time><extensions><gpxtpx:TrackPointExtension><gpxtpx:hr>244</gpxtpx:hr></gpxtpx:TrackPointExtension></extensions></trkpt>
<trkpt lat="51.505047" lon="-0.120746"><ele>13.8</ele><time>2026-10-04T18:31:29.000Z</time><extensions><gpxtpx:TrackPointExtension><gpxtpx:hr>244</gpxtpx:hr></gpxtpx:TrackPointExtension></extensions></trkpt>
<trkpt lat="51.505084" lon="-0.120706"><ele>14.2</ele><time>2026-10-04T18:31:31.000Z</time><extensions><gpxtpx:TrackPointExtension><gpxtpx:hr>244</gpxtpx:hr></gpxtpx:TrackPointExtension></extensions></trkpt>
<trkpt lat="51.505121" lon="-0.120665"><ele>14.6</ele><time>2026-10-04T18:31:32.000Z</time><extensions><gpxtpx:TrackPointExtension><gpxtpx:hr>244</gpxtpx:hr></gpxtpx:TrackPointExtension></extensions></trkpt>
<trkpt lat="51.505158" lon="-0.120623"><ele>15.0</ele><time>2026-10-04T18:31:34.000Z</time><extensions><gpxtpx:TrackPointExtension><gpxtpx:hr>244</gpxtpx:hr></gpxtpx:TrackPointExtension></extensions></trkpt>
<trkpt lat="51.505195" lon="-0.120580"><ele>15.4</ele><time>2026-10-04T18:31:35.000Z</time><extensions><gpxtpx:TrackPointExtension><gpxtpx:hr>244</gpxtpx:hr></gpxtpx:TrackPointExtension></extensions></trkpt>
<trkpt lat="51.505231" lon="-0.120536"><ele>15.9</ele><time>2026-10-04T18:31:36.000Z</time><extensions><gpxtpx:TrackPointExtension><gpxtpx:hr>244</gpxtpx:hr></gpxtpx:TrackPointExtension></extensions></trkpt>
<trkpt lat="51.505267" lon="-0.120490"><ele>16.3</ele><time>2026-10-04T18:31:38.000Z</time><extensions><gpxtpx:TrackPointExtension><gpxtpx:hr>244</gpxtpx:hr></gpxtpx:TrackPointExtension></extensions></trkpt>
<trkpt lat="51.505304" lon="-0.120444"><ele>16.8</ele><time>2026-10-04T18:31:39.000Z</time><extensions><gpxtpx:TrackPointExtension><gpxtpx:hr>244</gpxtpx:hr></gpxtpx:TrackPointExtension></extensions></trkpt>
<trkpt lat="51.505340" lon="-0.120396"><ele>17.3</ele><time>2026-10-04T18:31:41.000Z</time><extensions><gpxtpx:TrackPointExtension><gpxtpx:hr>244</gpxtpx:hr></gpxtpx:TrackPointExtension></extensions></trkpt>
<trkpt lat="51.505376" lon="-0.120347"><ele>17.8</ele><time>2026-10-04T18:31:42.000Z</time><extensions><gpxtpx:TrackPointExtension><gpxtpx:hr>244</gpxtpx:hr></gpxtpx:TrackPointExtension></extensions></trkpt>
<trkpt lat="51.505412" lon="-0.120297"><ele>18.3</ele><time>2026-10-04T18:31:44.000Z</time><extensions><gpxtpx:TrackPointExtension><gpxtpx:hr>244</gpxtpx:hr></gpxtpx:TrackPointExtension></extensions></trkpt>
<trkpt lat="51.505448" lon="-0.120246"><ele>18.8</ele><time>2026-10-04T18:31:45.000Z</time><extensions><gpxtpx:TrackPointExtension><gpxtpx:hr>243</gpxtpx:hr></gpxtpx:TrackPointExtension></extensions></trkpt>
<trkpt lat="51.505484" lon="-0.120194"><ele>19.3</ele><time>2026-10-04T18:31:47.000Z</time><extensions><gpxtpx:TrackPointExtension><gpxtpx:hr>243</gpxtpx:hr></gpxtpx:TrackPointExtension></extensions></trkpt>
<trkpt lat="51.505520" lon="-0.120141"><ele>19.8</ele><time>2026-10-04T18:31:48.000Z</time><extensions><gpxtpx:TrackPointExtension><gpxtpx:hr>243</gpxtpx:hr></gpxtpx:TrackPointExtension></extensions></trkpt>
<trkpt lat="51.505556" lon="-0.120086"><ele>20.3</ele><time>2026-10-04T18:31:50.000Z</time><extensions><gpxtpx:TrackPointExtension><gpxtpx:hr>243</gpxtpx:hr></gpxtpx:TrackPointExtension></extensions></trkpt>
<trkpt lat="51.505592" lon="-0.120031"><ele>20.9</ele><time>2026-10-04T18:31:52.000Z</time><extensions><gpxtpx:TrackPointExtension><gpxtpx:hr>243</gpxtpx:hr></gpxtpx:TrackPointExtension></extensions></trkpt>
<trkpt lat="51.505629" lon="-0.119974"><ele>21.4</ele><time>2026-10-04T18:31:53.000Z</time><extensions><gpxtpx:TrackPointExtension><gpxtpx:hr>243</gpxtpx:hr></gpxtpx:TrackPointExtension></extensions></trkpt>
<trkpt lat="51.505665" lon="-0.119916"><ele>21.9</ele><time>2026-10-04T18:31:55.000Z</time><extensions><gpxtpx:TrackPointExtension><gpxtpx:hr>243</gpxtpx:hr></gpxtpx:TrackPointExtension></extensions></trkpt>
<trkpt lat="51.505702" lon="-0.119858"><ele>22.5</ele><time>2026-10-04T18:31:56.000Z</time><extensions><gpxtpx:TrackPointExtension><gpxtpx:hr>243</gpxtpx:hr></gpxtpx:TrackPointExtension></extensions></trkpt>
<trkpt lat="51.505739" lon="-0.119798"><ele>23.0</ele><time>2026-10-04T18:31:58.000Z</time><extensions><gpxtpx:TrackPointExtension><gpxtpx:hr>243</gpxtpx:hr></gpxtpx:TrackPointExtension></extensions></trkpt>
<trkpt lat="51.505776" lon="-0.119737"><ele>23.5</ele><time>2026-10-04T18:32:00.000Z</time><extensions><gpxtpx:TrackPointExtension><gpxtpx:hr>243</gpxtpx:hr></gpxtpx:TrackPointExtension></extensions></trkpt>
<trkpt lat="51.505813" lon="-0.119676"><ele>24.1</ele><time>2026-10-04T18:32:01.000Z</time><extensions><gpxtpx:TrackPointExtension><gpxtpx:hr>243</gpxtpx:hr></gpxtpx:TrackPointExtension></extensions></trkpt>
<trkpt lat="51.505851" lon="-0.119613"><ele>24.6</ele><time>2026-10-04T18:32:03.000Z</time><extensions><gpxtpx:TrackPointExtension><gpxtpx:hr>243</gpxtpx:hr></gpxtpx:TrackPointExtension></extensions></trkpt>
<trkpt lat="51.505889" lon="-0.119550"><ele>25.1</ele><time>2026-10-04T18:32:05.000Z</time><extensions><gpxtpx:TrackPointExtension><gpxtpx:hr>243</gpxtpx:hr></gpxtpx:TrackPointExtension></extensions></trkpt>
<trkpt lat="51.505927" lon="-0.119485"><ele>25.6</ele><time>2026-10-04T18:32:07.000Z</time><extensions><gpxtpx:TrackPointExtension><gpxtpx:hr>243</gpxtpx:hr></gpxtpx:TrackPointExtension></extensions></trkpt>
<trkpt lat="51.505966" lon="-0.119420"><ele>26.1</ele><time>2026-10-04T18:32:08.000Z</time><extensions><gpxtpx:TrackPointExtension><gpxtpx:hr>243</gpxtpx:hr></gpxtpx:TrackPointExtension></extensions></trkpt>
<trkpt lat="51.506005" lon="-0.119354"><ele>26.6</ele><time>2026-10-04T18:32:10.000Z</time><extensions><gpxtpx:TrackPointExtension><gpxtpx:hr>243</gpxtpx:hr></gpxtpx:TrackPointExtension></extensions></trkpt>
<trkpt lat="51.506045" lon="-0.119287"><ele>27.1</ele><time>2026-10-04T18:32:12.000Z</time><extensions><gpxtpx:TrackPointExtension><gpxtpx:hr>243</gpxtpx:hr></gpxtpx:TrackPointExtension></extensions></trkpt>
<trkpt lat="51.506085" lon="-0.119220"><ele>27.6</ele><time>2026-10-04T18:32:14.000Z</time><extensions><gpxtpx:TrackPointExtension><gpxtpx:hr>243</gpxtpx:hr></gpxtpx:TrackPointExtension></extensions></trkpt>
<trkpt lat="51.506125" lon="-0.119152"><ele>28.1</ele><time>2026-10-04T18:32:16.000Z</time><extensions><gpxtpx:TrackPointExtension><gpxtpx:hr>243</gpxtpx:hr></gpxtpx:TrackPointExtension></extensions></trkpt>
<trkpt lat="51.506166" lon="-0.119083"><ele>28.5</ele><time>2026-10-04T18:32:18.000Z</time><extensions><gpxtpx:TrackPointExtension><gpxtpx:hr>243</gpxtpx:hr></gpxtpx:TrackPointExtension></extensions></trkpt>
<trkpt lat="51.506208" lon="-0.119013"><ele>29.0</ele><time>2026-10-04T18:32:20.000Z</time><extensions><gpxtpx:TrackPointExtension><gpxtpx:hr>243</gpxtpx:hr></gpxtpx:TrackPointExtension></extensions></trkpt>
<trkpt lat="51.506250" lon="-0.118943"><ele>29.4</ele><time>2026-10-04T18:32:21.000Z</time><extensions><gpxtpx:TrackPointExtension><gpxtpx:hr>243</gpxtpx:hr></gpxtpx:TrackPointExtension></extensions></trkpt>
<trkpt lat="51.506293" lon="-0.118873"><ele>29.8</ele><time>2026-10-04T18:32:23.000Z</time><extensions><gpxtpx:TrackPointExtension><gpxtpx:hr>243</gpxtpx:hr></gpxtpx:TrackPointExtension></extensions></trkpt>
<trkpt lat="51.506336" lon="-0.118802"><ele>30.2</ele><time>2026-10-04T18:32:25.000Z</time><extensions><gpxtpx:TrackPointExtension><gpxtpx:hr>243</gpxtpx:hr></gpxtpx:TrackPointExtension></extensions></trkpt>
<trkpt lat="51.506380" lon="-0.118730"><ele>30.6</ele><time>2026-10-04T18:32:27.000Z</time><extensions><gpxtpx:TrackPointExtension><gpxtpx:hr>243</gpxtpx:hr></gpxtpx:TrackPointExtension></extensions></trkpt>
<trkpt lat="51.506424" lon="-0.118659"><ele>30.9</ele><time>2026-10-04T18:32:29.000Z</time><extensions><gpxtpx:TrackPointExtension><gpxtpx:hr>243</gpxtpx:hr></gpxtpx:TrackPointExtension></extensions></trkpt>
<trkpt lat="51.506469" lon="-0.118586"><ele>31.3</ele><time>2026-10-04T18:32:31.000Z</time><extensions><gpxtpx:TrackPointExtension><gpxtpx:hr>243</gpxtpx:hr></gpxtpx:TrackPointExtension></extensions></trkpt>
<trkpt lat="51.506515" lon="-0.118514"><ele>31.6</ele><time>2026-10-04T18:32:33.000Z</time><extensions><gpxtpx:TrackPointExtension><gpxtpx:hr>243</gpxtpx:hr></gpxtpx:TrackPointExtension></extensions></trkpt>
<trkpt lat="51.506561" lon="-0.118441"><ele>31.9</ele><time>2026-10-04T18:32:35.000Z</time><extensions><gpxtpx:TrackPointExtension><gpxtpx:hr>243</gpxtpx:hr></gpxtpx:TrackPointExtension></extensions></trkpt>
<trkpt lat="51.506608" lon="-0.118369"><ele>32.2</ele><time>2026-10-04T18:32:38.000Z</time><extensions><gpxtpx:TrackPointExtension><gpxtpx:hr>243</gpxtpx:hr></gpxtpx:TrackPointExtension></extensions></trkpt>
<trkpt lat="51.506656" lon="-0.118296"><ele>32.5</ele><time>2026-10-04T18:32:40.000Z</time><extensions><gpxtpx:TrackPointExtension><gpxtpx:hr>243</gpxtpx:hr></gpxtpx:TrackPointExtension></extensions></trkpt>
<trkpt lat="51.506704" lon="-0.118223"><ele>32.8</ele><time>2026-10-04T18:32:42.000Z</time><extensions><gpxtpx:TrackPointExtension><gpxtpx:hr>244</gpxtpx:hr></gpxtpx:TrackPointExtension></extensions></trkpt>
<trkpt lat="51.506753" lon="-0.118150"><ele>33.0</ele><time>2026-10-04T18:32:44.000Z</time><extensions><gpxtpx:TrackPointExtension><gpxtpx:hr>244</gpxtpx:hr></gpxtpx:TrackPointExtension></extensions></trkpt>
<trkpt lat="51.506803" lon="-0.118077"><ele>33.2</ele><time>2026-10-04T18:32:46.000Z</time><extensions><gpxtpx:TrackPointExtension><gpxtpx:hr>244</gpxtpx:hr></gpxtpx:TrackPointExtension></extensions></trkpt>
<trkpt lat="51.506853" lon="-0.118005"><ele>33.4</ele><time>2026-10-04T18:32:48.000Z</time><extensions><gpxtpx:TrackPointExtension><gpxtpx:hr>244</gpxtpx:hr></gpxtpx:TrackPointExtension></extensions></trkpt>
<trkpt lat="51.506905" lon="-0.117932"><ele>33.6</ele><time>2026-10-04T18:32:50.000Z</time><extensions><gpxtpx:TrackPointExtension><gpxtpx:hr>244</gpxtpx:hr></gpxtpx:TrackPointExtension></extensions></trkpt>
<trkpt lat="51.506957" lon="-0.117860"><ele>33.8</ele><time>2026-10-04T18:32:53.000Z</time><extensions><gpxtpx:TrackPointExtension><gpxtpx:hr>244</gpxtpx:hr></gpxtpx:TrackPointExtension></extensions></trkpt>
<trkpt lat="51.507009" lon="-0.117788"><ele>33.9</ele><time>2026-10-04T18:32:55.000Z</time><extensions><gpxtpx:TrackPointExtension><gpxtpx:hr>244</gpxtpx:hr></gpxtpx:TrackPointExtension></extensions></trkpt>
<trkpt lat="51.507063" lon="-0.117717"><ele>34.1</ele><time>2026-10-04T18:32:57.000Z</time><extensions><gpxtpx:TrackPointExtension><gpxtpx:hr>244</gpxtpx:hr></gpxtpx:TrackPointExtension></extensions></trkpt>
<trkpt lat="51.507117" lon="-0.117646"><ele>34.2</ele><time>2026-10-04T18:32:59.000Z</time><extensions><gpxtpx:TrackPointExtension><gpxtpx:hr>244</gpxtpx:hr></gpxtpx:TrackPointExtension></extensions></trkpt>
<trkpt lat="51.507172" lon="-0.117575"><ele>34.3</ele><time>2026-10-04T18:33:01.000Z</time><extensions><gpxtpx:TrackPointExtension><gpxtpx:hr>245</gpxtpx:hr></gpxtpx:TrackPointExtension></extensions></trkpt>
<trkpt lat="51.507228" lon="-0.117505"><ele>34.3</ele><time>2026-10-04T18:33:04.000Z</time><extensions><gpxtpx:TrackPointExtension><gpxtpx:hr>245</gpxtpx:hr></gpxtpx:TrackPointExtension></extensions></trkpt>
<trkpt lat="51.507285" lon="-0.117436"><ele>34.4</ele><time>2026-10-04T18:33:06.000Z</time><extensions><gpxtpx:TrackPointExtension><gpxtpx:hr>245</gpxtpx:hr></gpxtpx:TrackPointExtension></extensions></trkpt>
<trkpt lat="51.507342" lon="-0.117368"><ele>34.4</ele><time>2026-10-04T18:33:08.000Z</time><extensions><gpxtpx:TrackPointExtension><gpxtpx:hr>245</gpxtpx:hr></gpxtpx:TrackPointExtension></extensions></trkpt>
<trkpt lat="51.507400" lon="-0.117300"><ele>34.5</ele><time>2026-10-04T18:33:10.000Z</time><extensions><gpxtpx:TrackPointExtension><gpxtpx:hr>245</gpxtpx:hr></gpxtpx:TrackPointExtension></extensions></trkpt>
</trkseg></trk></gpx>